[{"id":1574695003200,"visibility":true,"collapse":false,"settings":{"admin_label":"Notícias destaque 1","title":"","heading_selector":"h3","title_fontsize":"","title_fontweight":"","title_position":"sppb-text-center","columns_align_center":0,"fullscreen":0,"no_gutter":0,"padding":{"md":"50px 0px 20px 0px","sm":"   ","xs":"   "},"margin":{"md":"0px 0px 0px 0px","sm":"   ","xs":"   "},"background_type":"none","background_gradient":{"color":"#00c6fb","color2":"#005bea","deg":"45","type":"linear"},"background_image":"","background_parallax":"0","background_repeat":"no-repeat","background_size":"cover","background_attachment":"fixed","background_position":"0 0","external_background_video":"0","video_loop":1,"overlay_type":"overlay_none","gradient_overlay":{"color":"rgba(127, 0, 255, 0.8)","color2":"rgba(225, 0, 255, 0.7)","deg":"45","type":"linear"},"pattern_overlay":"","overlay_pattern_color":"","blend_mode":"normal","show_top_shape":0,"shape_name":"clouds-flat","shape_color":"#e5e5e5","shape_width":{"md":100,"sm":100,"xs":100},"shape_height":"","shape_flip":false,"shape_invert":false,"shape_to_front":false,"show_bottom_shape":0,"bottom_shape_name":"clouds-opacity","bottom_shape_color":"#e5e5e5","bottom_shape_width":{"md":100,"sm":100,"xs":100},"bottom_shape_height":"","bottom_shape_flip":false,"bottom_shape_invert":false,"bottom_shape_to_front":false,"hidden_xs":"","hidden_sm":"","hidden_md":"","animationduration":"300","animationdelay":"0","instFormId":1574695003200},"layout":"6,3,3","columns":[{"id":1574695003197,"class_name":"col-md-6","visibility":true,"settings":{"background_type":"none","background_gradient":{"color":"#00c6fb","color2":"#005bea","deg":"45","type":"linear"},"background_image":"","background_repeat":"no-repeat","background_size":"cover","background_attachment":"scroll","background_position":"0 0","overlay_type":"overlay_color","gradient_overlay":{"color":"rgba(127, 0, 255, 0.8)","color2":"rgba(225, 0, 255, 0.7)","deg":"45","type":"linear"},"pattern_overlay":"","overlay_pattern_color":"","blend_mode":"normal","items_align_center":0,"use_border":0,"border_width":"","border_radius":0,"boxshadow":"0 0 0 0 #fff","sm_col":"","xs_col":"","tablet_order":"","mobile_order":"","hidden_xs":"","hidden_sm":"","hidden_md":"","animationduration":"300","animationdelay":"0","instFormId":1574695003197,"padding":{"md":"   ","sm":"   ","xs":"   "},"margin":{"md":"   ","sm":"   ","xs":"   "}},"addons":[{"id":1574702744828,"name":"contentslider","visibility":true,"settings":{"admin_label":"content slider","resource":"article","orderby":"latest","limit":"4","show_category":"1","show_date":"0","show_author":"0","autoplay":"false","rtl":"false","pagination":"false","navigation":"true","class":"main-slider-item ","global_background_type":"none","global_background_gradient":{"color":"#00c6fb","color2":"#005bea","deg":"45","type":"linear"},"global_background_repeat":"no-repeat","global_background_size":"cover","global_background_attachment":"inherit","global_background_position":"50% 50%","global_use_overlay":0,"global_overlay_type":"overlay_none","global_gradient_overlay":{"color":"rgba(127, 0, 255, 0.8)","color2":"rgba(225, 0, 255, 0.7)","deg":"45","type":"linear"},"global_pattern_overlay":"","global_overlay_pattern_color":"","blend_mode":"normal","global_user_border":0,"global_border_width":"","global_border_radius":0,"global_margin":{"md":"0px 0px 30px 0px","sm":"0px 0px 20px 0px","xs":"0px 0px 10px 0px"},"global_padding":{"md":"   ","sm":"   ","xs":"   "},"global_boxshadow":"0 0 0 0 #ffffff","global_use_animation":0,"global_animationduration":"300","global_animationdelay":"0","global_custom_css":"h3.post-title.lg {\n    font-size: 2.2em;\n    font-weight: 800;\n    text-align: left;\n    color: #333;\n    position: relative;\n    padding-top: 80px;\n    padding-bottom: 15px;\n    margin-bottom: 23px;\n    margin: 0 auto;\n}\n\n","instFormId":1574702744828,"catid":["26"],"global_text_color":"#ffffff","global_margin_sm":"0px 0px 20px 0px","global_margin_xs":"0px 0px 10px 0px","global_padding_sm":"   ","global_padding_xs":"   ","use_global_width":0,"hidden_md":0,"hidden_sm":0,"hidden_xs":0}}]},{"id":1574695003198,"class_name":"col-md-3","visibility":true,"settings":{"background_type":"none","background_gradient":{"color":"#00c6fb","color2":"#005bea","deg":"45","type":"linear"},"background_image":"","background_repeat":"no-repeat","background_size":"cover","background_attachment":"scroll","background_position":"0 0","overlay_type":"overlay_color","gradient_overlay":{"color":"rgba(127, 0, 255, 0.8)","color2":"rgba(225, 0, 255, 0.7)","deg":"45","type":"linear"},"pattern_overlay":"","overlay_pattern_color":"","blend_mode":"normal","items_align_center":0,"use_border":0,"border_width":"","border_radius":0,"boxshadow":"0 0 0 0 #fff","sm_col":"","xs_col":"","tablet_order":"","mobile_order":"","hidden_xs":"","hidden_sm":"","hidden_md":"","animationduration":"300","animationdelay":"0","instFormId":1574695003198,"padding":{"md":"0 0 0 0","sm":"   ","xs":"   "},"margin":{"md":"0 0 0 0","sm":"   ","xs":"   "}},"addons":[{"id":1574704966692,"name":"module","visibility":true,"settings":{"admin_label":"","title":"","heading_selector":"h3","title_fontsize":"","title_lineheight":"","title_letterspace":"0","module_type":"module","class":"","global_background_type":"none","global_background_gradient":{"color":"#00c6fb","color2":"#005bea","deg":"45","type":"linear"},"global_background_repeat":"no-repeat","global_background_size":"cover","global_background_attachment":"inherit","global_background_position":"50% 50%","global_use_overlay":0,"global_overlay_type":"overlay_none","global_gradient_overlay":{"color":"rgba(127, 0, 255, 0.8)","color2":"rgba(225, 0, 255, 0.7)","deg":"45","type":"linear"},"global_pattern_overlay":"","global_overlay_pattern_color":"","blend_mode":"normal","global_user_border":0,"global_border_width":"","global_border_radius":0,"global_margin":{"md":"0px 0px 30px 0px","sm":"0px 0px 20px 0px","xs":"0px 0px 10px 0px"},"global_padding":"","global_boxshadow":"0 0 0 0 #ffffff","global_use_animation":0,"global_animationduration":"300","global_animationdelay":"0","global_custom_css":"","instFormId":1574704966692,"id":"201","global_margin_sm":"0px 0px 20px 0px","global_margin_xs":"0px 0px 10px 0px"}},{"id":1574712971998,"type":"inner_row","settings":{"admin_label":"","title":"","heading_selector":"h3","title_fontsize":"","title_fontweight":"","title_position":"sppb-text-center","columns_align_center":0,"fullscreen":0,"no_gutter":0,"padding":{"md":"0px 0px 0px 0px","sm":"   ","xs":"   "},"margin":{"md":"0px 0px 0px 0px","sm":"   ","xs":"   "},"background_type":"none","background_gradient":{"color":"#00c6fb","color2":"#005bea","deg":"45","type":"linear"},"background_image":"","background_parallax":"0","background_repeat":"no-repeat","background_size":"cover","background_attachment":"fixed","background_position":"0 0","external_background_video":"0","video_loop":1,"overlay_type":"overlay_none","gradient_overlay":{"color":"rgba(127, 0, 255, 0.8)","color2":"rgba(225, 0, 255, 0.7)","deg":"45","type":"linear"},"pattern_overlay":"","overlay_pattern_color":"","blend_mode":"normal","show_top_shape":0,"shape_name":"clouds-flat","shape_color":"#e5e5e5","shape_width":{"md":100,"sm":100,"xs":100},"shape_height":"","shape_flip":false,"shape_invert":false,"shape_to_front":false,"show_bottom_shape":0,"bottom_shape_name":"clouds-opacity","bottom_shape_color":"#e5e5e5","bottom_shape_width":{"md":100,"sm":100,"xs":100},"bottom_shape_height":"","bottom_shape_flip":false,"bottom_shape_invert":false,"bottom_shape_to_front":false,"hidden_xs":"","hidden_sm":"","hidden_md":"","animationduration":"300","animationdelay":"0","instFormId":1574712971998},"layout":"12","visibility":true,"columns":[{"id":1574712971999,"class_name":"col-md-12","visibility":true,"settings":{"background_type":"none","background_gradient":{"color":"#00c6fb","color2":"#005bea","deg":"45","type":"linear"},"background_image":"","background_repeat":"no-repeat","background_size":"cover","background_attachment":"scroll","background_position":"0 0","overlay_type":"overlay_color","gradient_overlay":{"color":"rgba(127, 0, 255, 0.8)","color2":"rgba(225, 0, 255, 0.7)","deg":"45","type":"linear"},"pattern_overlay":"","overlay_pattern_color":"","blend_mode":"normal","items_align_center":0,"use_border":0,"border_width":"","border_radius":0,"boxshadow":"0 0 0 0 #fff","sm_col":"","xs_col":"","tablet_order":"","mobile_order":"","hidden_xs":"","hidden_sm":"","hidden_md":"","animationduration":"300","animationdelay":"0"},"addons":[{"id":1574713130570,"name":"divider","visibility":true,"settings":{"admin_label":"","divider_type":"border","divider_vertical":0,"divider_height_vertical":{"md":"100","sm":"","xs":""},"divider_image":"","background_repeat":"no-repeat","divider_height":"10","divider_position":"","container_div_width":{"md":"224","sm":"","xs":""},"border_style":"solid","border_width":"3","border_radius":"","border_color":"#cccccc","margin_top":{"md":"0","sm":20,"xs":10},"margin_bottom":{"md":"0","sm":20,"xs":10},"class":"","global_background_type":"none","global_background_gradient":{"color":"#00c6fb","color2":"#005bea","deg":"45","type":"linear"},"global_background_repeat":"no-repeat","global_background_size":"cover","global_background_attachment":"inherit","global_background_position":"50% 50%","global_use_overlay":0,"global_overlay_type":"overlay_none","global_gradient_overlay":{"color":"rgba(127, 0, 255, 0.8)","color2":"rgba(225, 0, 255, 0.7)","deg":"45","type":"linear"},"global_pattern_overlay":"","global_overlay_pattern_color":"","blend_mode":"normal","global_user_border":0,"global_border_width":"","global_border_radius":0,"global_margin":{"md":"0px 0px 30px 0px","sm":"0px 0px 20px 0px","xs":"0px 0px 10px 0px"},"global_padding":"","global_boxshadow":"0 0 0 0 #ffffff","global_use_animation":0,"global_animationduration":"300","global_animationdelay":"0","global_custom_css":"","use_global_width":"0","hidden_md":"0","hidden_sm":"0","hidden_xs":"0","acl":"","instFormId":1574713130570}}]}]}]},{"id":1574703278150,"class_name":"col-md-3","visibility":true,"settings":{"background_type":"none","background_gradient":{"color":"#00c6fb","color2":"#005bea","deg":"45","type":"linear"},"background_image":"","background_repeat":"no-repeat","background_size":"cover","background_attachment":"scroll","background_position":"0 0","overlay_type":"overlay_color","gradient_overlay":{"color":"rgba(127, 0, 255, 0.8)","color2":"rgba(225, 0, 255, 0.7)","deg":"45","type":"linear"},"pattern_overlay":"","overlay_pattern_color":"","blend_mode":"normal","items_align_center":0,"use_border":0,"border_width":"","border_radius":0,"boxshadow":"0 0 0 0 #fff","sm_col":"","xs_col":"","tablet_order":"","mobile_order":"","hidden_xs":"","hidden_sm":"","hidden_md":"","animationduration":"300","animationdelay":"0","instFormId":1574703278150,"padding":{"md":"0 0 0 0","sm":"   ","xs":"   "},"margin":{"md":"0 0 0 0","sm":"   ","xs":"   "}},"addons":[{"id":1574708036512,"name":"social_share","visibility":true,"settings":{"admin_label":"","title":"","heading_selector":"h3","title_fontsize":"","title_lineheight":"","title_letterspace":"0","username":"minsaude","consumerkey":"","consumersecret":"","accesstoken":"","accesstokensecret":"","global_background_type":"none","global_background_gradient":{"color":"#00c6fb","color2":"#005bea","deg":"45","type":"linear"},"global_background_repeat":"no-repeat","global_background_size":"cover","global_background_attachment":"inherit","global_background_position":"50% 50%","global_use_overlay":0,"global_overlay_type":"overlay_none","global_gradient_overlay":{"color":"rgba(127, 0, 255, 0.8)","color2":"rgba(225, 0, 255, 0.7)","deg":"45","type":"linear"},"global_pattern_overlay":"","global_overlay_pattern_color":"","blend_mode":"normal","global_user_border":0,"global_border_width":"","global_border_radius":0,"global_margin":{"md":"0px 0px 30px 0px","sm":"0px 0px 20px 0px","xs":"0px 0px 10px 0px"},"global_padding":{"md":"   ","sm":"   ","xs":"   "},"global_boxshadow":"0 0 0 0 #ffffff","global_use_animation":0,"global_animationduration":"300","global_animationdelay":"0","global_custom_css":"","instFormId":1574708036512,"show_counter":0,"show_totalshare":0,"social_use_border":0,"show_socials":["twitter","facebook","linkedin","pinterest","whatsapp","gplus"],"show_social_names":"0","icon_align":"left","social_style":"custom","background_color":"#efefef","icon_color":"#ffffff"}},{"id":1574709250366,"type":"inner_row","settings":{"admin_label":"","title":"","heading_selector":"h3","title_fontsize":"","title_fontweight":"","title_position":"sppb-text-center","columns_align_center":0,"fullscreen":0,"no_gutter":0,"padding":"50px 0px 50px 0px","margin":"0px 0px 0px 0px","background_type":"none","background_gradient":{"color":"#00c6fb","color2":"#005bea","deg":"45","type":"linear"},"background_image":"","background_parallax":"0","background_repeat":"no-repeat","background_size":"cover","background_attachment":"fixed","background_position":"0 0","external_background_video":"0","video_loop":1,"overlay_type":"overlay_none","gradient_overlay":{"color":"rgba(127, 0, 255, 0.8)","color2":"rgba(225, 0, 255, 0.7)","deg":"45","type":"linear"},"pattern_overlay":"","overlay_pattern_color":"","blend_mode":"normal","show_top_shape":"","shape_name":"clouds-flat","shape_color":"#e5e5e5","shape_width":{"md":100,"sm":100,"xs":100},"shape_height":"","shape_flip":false,"shape_invert":false,"shape_to_front":false,"show_bottom_shape":"","bottom_shape_name":"clouds-opacity","bottom_shape_color":"#e5e5e5","bottom_shape_width":{"md":100,"sm":100,"xs":100},"bottom_shape_height":"","bottom_shape_flip":false,"bottom_shape_invert":false,"bottom_shape_to_front":false,"hidden_xs":"","hidden_sm":"","hidden_md":"","animationduration":"300","animationdelay":"0"},"layout":"12","visibility":true,"columns":[{"id":1574709250367,"class_name":"col-md-12","visibility":true,"settings":{"background_type":"none","background_gradient":{"color":"#00c6fb","color2":"#005bea","deg":"45","type":"linear"},"background_image":"","background_repeat":"no-repeat","background_size":"cover","background_attachment":"scroll","background_position":"0 0","overlay_type":"overlay_color","gradient_overlay":{"color":"rgba(127, 0, 255, 0.8)","color2":"rgba(225, 0, 255, 0.7)","deg":"45","type":"linear"},"pattern_overlay":"","overlay_pattern_color":"","blend_mode":"normal","items_align_center":0,"use_border":0,"border_width":"","border_radius":0,"boxshadow":"0 0 0 0 #fff","sm_col":"","xs_col":"","tablet_order":"","mobile_order":"","hidden_xs":"","hidden_sm":"","hidden_md":"","animationduration":"300","animationdelay":"0"},"addons":[]}]}]}]},{"id":1574695003205,"visibility":true,"collapse":false,"settings":{"admin_label":"Notícias destaque 2","title":"","heading_selector":"h3","title_fontsize":"","title_fontweight":"","title_position":"sppb-text-center","columns_align_center":0,"fullscreen":0,"no_gutter":0,"padding":{"md":"0px 0px 3px 0px","sm":"   ","xs":"   "},"margin":{"md":"0px 0px 0px 0px","sm":"   ","xs":"   "},"background_type":"none","background_gradient":{"color":"#00c6fb","color2":"#005bea","deg":"45","type":"linear"},"background_image":"","background_parallax":"0","background_repeat":"no-repeat","background_size":"cover","background_attachment":"fixed","background_position":"0 0","external_background_video":"0","video_loop":1,"overlay_type":"overlay_none","gradient_overlay":{"color":"rgba(127, 0, 255, 0.8)","color2":"rgba(225, 0, 255, 0.7)","deg":"45","type":"linear"},"pattern_overlay":"","overlay_pattern_color":"","blend_mode":"normal","show_top_shape":0,"shape_name":"clouds-flat","shape_color":"#e5e5e5","shape_width":{"md":100,"sm":100,"xs":100},"shape_height":"","shape_flip":false,"shape_invert":false,"shape_to_front":false,"show_bottom_shape":0,"bottom_shape_name":"clouds-opacity","bottom_shape_color":"#e5e5e5","bottom_shape_width":{"md":100,"sm":100,"xs":100},"bottom_shape_height":"","bottom_shape_flip":false,"bottom_shape_invert":false,"bottom_shape_to_front":false,"hidden_xs":"","hidden_sm":"","hidden_md":"","animationduration":"300","animationdelay":"0","instFormId":1574695003205},"layout":"12","columns":[{"id":1574695003201,"class_name":"col-md-12","visibility":true,"settings":{"background_type":"none","background_gradient":{"color":"#00c6fb","color2":"#005bea","deg":"45","type":"linear"},"background_image":"","background_repeat":"no-repeat","background_size":"cover","background_attachment":"scroll","background_position":"0 0","overlay_type":"overlay_color","gradient_overlay":{"color":"rgba(127, 0, 255, 0.8)","color2":"rgba(225, 0, 255, 0.7)","deg":"45","type":"linear"},"pattern_overlay":"","overlay_pattern_color":"","blend_mode":"normal","items_align_center":0,"use_border":0,"border_width":"","border_radius":0,"boxshadow":"0 0 0 0 #fff","sm_col":"","xs_col":"","tablet_order":"","mobile_order":"","hidden_xs":"","hidden_sm":"","hidden_md":"","animationduration":"300","animationdelay":"0"},"addons":[{"id":1574709814836,"name":"module","visibility":true,"settings":{"admin_label":"","title":"","heading_selector":"h3","title_fontsize":"","title_lineheight":"","title_letterspace":"0","module_type":"module","class":"","global_background_type":"none","global_background_gradient":{"color":"#00c6fb","color2":"#005bea","deg":"45","type":"linear"},"global_background_repeat":"no-repeat","global_background_size":"cover","global_background_attachment":"inherit","global_background_position":"50% 50%","global_use_overlay":0,"global_overlay_type":"overlay_none","global_gradient_overlay":{"color":"rgba(127, 0, 255, 0.8)","color2":"rgba(225, 0, 255, 0.7)","deg":"45","type":"linear"},"global_pattern_overlay":"","global_overlay_pattern_color":"","blend_mode":"normal","global_user_border":0,"global_border_width":"","global_border_radius":0,"global_margin":{"md":"0px 0px 0px 0px","sm":"0px 0px 20px 0px","xs":"0px 0px 10px 0px"},"global_padding":{"md":"   ","sm":"   ","xs":"   "},"global_boxshadow":"0 0 0 0 #ffffff","global_use_animation":0,"global_animationduration":"300","global_animationdelay":"0","global_custom_css":"","instFormId":1574709814836,"id":"202","global_margin_sm":"0px 0px 20px 0px","global_margin_xs":"0px 0px 10px 0px","global_padding_sm":"   ","global_padding_xs":"   "}},{"id":1574701618516,"name":"module","visibility":true,"settings":{"admin_label":"","title":"","heading_selector":"h3","title_fontsize":"","title_lineheight":"","title_letterspace":"0","module_type":"module","class":"","global_background_type":"none","global_background_gradient":{"color":"#00c6fb","color2":"#005bea","deg":"45","type":"linear"},"global_background_repeat":"no-repeat","global_background_size":"cover","global_background_attachment":"inherit","global_background_position":"50% 50%","global_use_overlay":0,"global_overlay_type":"overlay_none","global_gradient_overlay":{"color":"rgba(127, 0, 255, 0.8)","color2":"rgba(225, 0, 255, 0.7)","deg":"45","type":"linear"},"global_pattern_overlay":"","global_overlay_pattern_color":"","blend_mode":"normal","global_user_border":0,"global_border_width":"","global_border_radius":0,"global_margin":{"md":"0px 0px 30px 0px","sm":"0px 0px 20px 0px","xs":"0px 0px 10px 0px"},"global_padding":"","global_boxshadow":"0 0 0 0 #ffffff","global_use_animation":0,"global_animationduration":"300","global_animationdelay":"0","global_custom_css":"","global_margin_sm":"0px 0px 20px 0px","global_margin_xs":"0px 0px 10px 0px"}}]}]},{"id":1574695003207,"visibility":true,"collapse":false,"settings":{"admin_label":"Banner","title":"","heading_selector":"h3","title_fontsize":"","title_fontweight":"","title_position":"sppb-text-center","columns_align_center":0,"fullscreen":0,"no_gutter":0,"padding":{"md":"0px 0px 0px 0px","sm":"   ","xs":"   "},"margin":{"md":"0px 0px 0px 0px","sm":"   ","xs":"   "},"background_type":"none","background_gradient":{"color":"#00c6fb","color2":"#005bea","deg":"45","type":"linear"},"background_image":"","background_parallax":"0","background_repeat":"no-repeat","background_size":"cover","background_attachment":"fixed","background_position":"0 0","external_background_video":"0","video_loop":1,"overlay_type":"overlay_none","gradient_overlay":{"color":"rgba(127, 0, 255, 0.8)","color2":"rgba(225, 0, 255, 0.7)","deg":"45","type":"linear"},"pattern_overlay":"","overlay_pattern_color":"","blend_mode":"normal","show_top_shape":0,"shape_name":"clouds-flat","shape_color":"#e5e5e5","shape_width":{"md":100,"sm":100,"xs":100},"shape_height":"","shape_flip":false,"shape_invert":false,"shape_to_front":false,"show_bottom_shape":0,"bottom_shape_name":"clouds-opacity","bottom_shape_color":"#e5e5e5","bottom_shape_width":{"md":100,"sm":100,"xs":100},"bottom_shape_height":"","bottom_shape_flip":false,"bottom_shape_invert":false,"bottom_shape_to_front":false,"hidden_xs":"","hidden_sm":"","hidden_md":"","animationduration":"300","animationdelay":"0","instFormId":1574695003207},"layout":"12","columns":[{"id":1574695003206,"class_name":"col-md-12","visibility":true,"settings":{"background_type":"none","background_gradient":{"color":"#00c6fb","color2":"#005bea","deg":"45","type":"linear"},"background_image":"","background_repeat":"no-repeat","background_size":"cover","background_attachment":"scroll","background_position":"0 0","overlay_type":"overlay_color","gradient_overlay":{"color":"rgba(127, 0, 255, 0.8)","color2":"rgba(225, 0, 255, 0.7)","deg":"45","type":"linear"},"pattern_overlay":"","overlay_pattern_color":"","blend_mode":"normal","items_align_center":0,"use_border":0,"border_width":"","border_radius":0,"boxshadow":"0 0 0 0 #fff","sm_col":"","xs_col":"","tablet_order":"","mobile_order":"","hidden_xs":"","hidden_sm":"","hidden_md":"","animationduration":"300","animationdelay":"0"},"addons":[{"id":1574710358460,"name":"image","visibility":true,"settings":{"admin_label":"","title":"","heading_selector":"h3","title_fontsize":"","title_lineheight":"","title_letterspace":"0","title_padding":"","title_position":"top","image":"http://www.saude.gov.br/images/jpg/2019/outubro/25/banner-doses-gestor.jpg","border_radius":0,"alt_text":"Image","position":"sppb-text-center","open_lightbox":0,"overlay_color":"rgba(119, 219, 31, .5)","link":"http://www.saude.gov.br/images/jpg/2019/outubro/25/banner-doses-gestor.jpg","class":"","global_background_type":"none","global_background_gradient":{"color":"#00c6fb","color2":"#005bea","deg":"45","type":"linear"},"global_background_repeat":"no-repeat","global_background_size":"cover","global_background_attachment":"inherit","global_background_position":"50% 50%","global_use_overlay":0,"global_overlay_type":"overlay_none","global_gradient_overlay":{"color":"rgba(127, 0, 255, 0.8)","color2":"rgba(225, 0, 255, 0.7)","deg":"45","type":"linear"},"global_pattern_overlay":"","global_overlay_pattern_color":"","blend_mode":"normal","global_user_border":0,"global_border_width":"","global_border_radius":0,"global_margin":{"md":"0px 0px 30px 0px","sm":"0px 0px 20px 0px","xs":"0px 0px 10px 0px"},"global_padding":"","global_boxshadow":"0 0 0 0 #ffffff","global_use_animation":0,"global_animationduration":"300","global_animationdelay":"0","global_custom_css":"","use_global_width":"0","hidden_md":"0","hidden_sm":"0","hidden_xs":"0","acl":"","instFormId":1574710358460,"target":"_blank"}}]}]},{"id":1574695003209,"visibility":true,"collapse":false,"settings":{"admin_label":"Assuntos em destaque","title":"","heading_selector":"h3","title_fontsize":"","title_fontweight":"","title_position":"sppb-text-center","columns_align_center":0,"fullscreen":0,"no_gutter":0,"padding":{"md":"0px 9px 0px 0px","sm":"   ","xs":"   "},"margin":{"md":"0px 0px 0px 0px","sm":"   ","xs":"   "},"background_type":"none","background_gradient":{"color":"#00c6fb","color2":"#005bea","deg":"45","type":"linear"},"background_image":"","background_parallax":"0","background_repeat":"no-repeat","background_size":"cover","background_attachment":"fixed","background_position":"0 0","external_background_video":"0","video_loop":1,"overlay_type":"overlay_none","gradient_overlay":{"color":"rgba(127, 0, 255, 0.8)","color2":"rgba(225, 0, 255, 0.7)","deg":"45","type":"linear"},"pattern_overlay":"","overlay_pattern_color":"","blend_mode":"normal","show_top_shape":0,"shape_name":"clouds-flat","shape_color":"#e5e5e5","shape_width":{"md":100,"sm":100,"xs":100},"shape_height":"","shape_flip":false,"shape_invert":false,"shape_to_front":false,"show_bottom_shape":0,"bottom_shape_name":"clouds-opacity","bottom_shape_color":"#e5e5e5","bottom_shape_width":{"md":100,"sm":100,"xs":100},"bottom_shape_height":"","bottom_shape_flip":false,"bottom_shape_invert":false,"bottom_shape_to_front":false,"hidden_xs":"","hidden_sm":"","hidden_md":"","animationduration":"300","animationdelay":"0","instFormId":1574695003209},"layout":"4,2,2,2,2","columns":[{"id":1574695003208,"class_name":"col-md-4","visibility":true,"settings":{"background_type":"none","background_gradient":{"color":"#00c6fb","color2":"#005bea","deg":"45","type":"linear"},"background_image":"","background_repeat":"no-repeat","background_size":"cover","background_attachment":"scroll","background_position":"0 0","overlay_type":"overlay_color","gradient_overlay":{"color":"rgba(127, 0, 255, 0.8)","color2":"rgba(225, 0, 255, 0.7)","deg":"45","type":"linear"},"pattern_overlay":"","overlay_pattern_color":"","blend_mode":"normal","items_align_center":0,"use_border":0,"border_width":"","border_radius":0,"boxshadow":"0 0 0 0 #fff","sm_col":"","xs_col":"","tablet_order":"","mobile_order":"","hidden_xs":"","hidden_sm":"","hidden_md":"","animationduration":"300","animationdelay":"0"},"addons":[{"id":1574710709331,"name":"raw_html","visibility":true,"settings":{"admin_label":"","title":"","heading_selector":"h3","title_fontsize":"","title_lineheight":"","title_letterspace":"0","html":"ASSUNTOS EM <strong>DESTAQUE</strong>","class":"assuntos-destaque","global_background_type":"none","global_background_gradient":{"color":"#00c6fb","color2":"#005bea","deg":"45","type":"linear"},"global_background_repeat":"no-repeat","global_background_size":"cover","global_background_attachment":"inherit","global_background_position":"50% 50%","global_use_overlay":0,"global_overlay_type":"overlay_none","global_gradient_overlay":{"color":"rgba(127, 0, 255, 0.8)","color2":"rgba(225, 0, 255, 0.7)","deg":"45","type":"linear"},"global_pattern_overlay":"","global_overlay_pattern_color":"","blend_mode":"normal","global_user_border":0,"global_border_width":"","global_border_radius":0,"global_margin":{"md":"0px 0px 30px 0px","sm":"0px 0px 20px 0px","xs":"0px 0px 10px 0px"},"global_padding":{"md":"   ","sm":"   ","xs":"   "},"global_boxshadow":"0 0 0 0 #ffffff","global_use_animation":0,"global_animationduration":"300","global_animationdelay":"0","global_custom_css":"","use_global_width":0,"hidden_md":0,"hidden_sm":0,"hidden_xs":0,"acl":"","instFormId":1574710709331}}]},{"id":1574710543208,"class_name":"col-md-2","visibility":true,"settings":{"background_type":"none","background_gradient":{"color":"#00c6fb","color2":"#005bea","deg":"45","type":"linear"},"background_image":"","background_repeat":"no-repeat","background_size":"cover","background_attachment":"scroll","background_position":"0 0","overlay_type":"overlay_color","gradient_overlay":{"color":"rgba(127, 0, 255, 0.8)","color2":"rgba(225, 0, 255, 0.7)","deg":"45","type":"linear"},"pattern_overlay":"","overlay_pattern_color":"","blend_mode":"normal","items_align_center":0,"use_border":0,"border_width":"","border_radius":0,"boxshadow":"0 0 0 0 #fff","sm_col":"","xs_col":"","tablet_order":"","mobile_order":"","hidden_xs":"","hidden_sm":"","hidden_md":"","animationduration":"300","animationdelay":"0"},"addons":[{"id":1574710791266,"name":"button","visibility":true,"settings":{"admin_label":"","text":"DENGUE","alignment":"sppb-text-center","letterspace":"0","type":"custom","appearance":"","fontsize":{"md":16},"button_status":"normal","background_color":"#ffffff","background_gradient":{"color":"#B4EC51","color2":"#429321","deg":"45","type":"linear"},"color":"#666666","background_color_hover":"#00E66E","background_gradient_hover":{"color":"#429321","color2":"#B4EC51","deg":"45","type":"linear"},"color_hover":"#FFFFFF","link_button_status":"normal","link_button_color":"","link_button_border_width":"","link_border_color":"","link_button_padding_bottom":"","link_button_hover_color":"","link_button_border_hover_color":"","button_padding":{"md":"   ","sm":"   ","xs":"   "},"icon_margin":{"md":"0px 0px 0px 0px","sm":"   ","xs":"   "},"icon_position":"left","class":"btn-branco","global_background_type":"none","global_background_gradient":{"color":"#00c6fb","color2":"#005bea","deg":"45","type":"linear"},"global_background_repeat":"no-repeat","global_background_size":"cover","global_background_attachment":"inherit","global_background_position":"50% 50%","global_use_overlay":0,"global_overlay_type":"overlay_none","global_gradient_overlay":{"color":"rgba(127, 0, 255, 0.8)","color2":"rgba(225, 0, 255, 0.7)","deg":"45","type":"linear"},"global_pattern_overlay":"","global_overlay_pattern_color":"","blend_mode":"normal","global_user_border":0,"global_border_width":"","global_border_radius":0,"global_margin":{"md":"0px 0px 30px 0px","sm":"0px 0px 20px 0px","xs":"0px 0px 10px 0px"},"global_padding":"","global_boxshadow":"0 0 0 0 #ffffff","global_use_animation":0,"global_animationduration":"300","global_animationdelay":"0","global_custom_css":"","use_global_width":"0","hidden_md":"0","hidden_sm":"0","hidden_xs":"0","acl":"","instFormId":1574710791266,"shape":"rounded"}}]},{"id":1574710543209,"class_name":"col-md-2","visibility":true,"settings":{"background_type":"none","background_gradient":{"color":"#00c6fb","color2":"#005bea","deg":"45","type":"linear"},"background_image":"","background_repeat":"no-repeat","background_size":"cover","background_attachment":"scroll","background_position":"0 0","overlay_type":"overlay_color","gradient_overlay":{"color":"rgba(127, 0, 255, 0.8)","color2":"rgba(225, 0, 255, 0.7)","deg":"45","type":"linear"},"pattern_overlay":"","overlay_pattern_color":"","blend_mode":"normal","items_align_center":0,"use_border":0,"border_width":"","border_radius":0,"boxshadow":"0 0 0 0 #fff","sm_col":"","xs_col":"","tablet_order":"","mobile_order":"","hidden_xs":"","hidden_sm":"","hidden_md":"","animationduration":"300","animationdelay":"0"},"addons":[{"id":1574710939921,"name":"button","visibility":true,"settings":{"admin_label":"","text":"Button","alignment":"sppb-text-left","letterspace":"0","type":"default","appearance":"","fontsize":{"md":16},"button_status":"normal","background_color":"#03E16D","background_gradient":{"color":"#B4EC51","color2":"#429321","deg":"45","type":"linear"},"color":"#FFFFFF","background_color_hover":"#00E66E","background_gradient_hover":{"color":"#429321","color2":"#B4EC51","deg":"45","type":"linear"},"color_hover":"#FFFFFF","link_button_status":"normal","link_button_color":"","link_button_border_width":"","link_border_color":"","link_button_padding_bottom":"","link_button_hover_color":"","link_button_border_hover_color":"","button_padding":"","icon_margin":{"md":"0px 0px 0px 0px","sm":"   ","xs":"   "},"icon_position":"left","class":"","global_background_type":"none","global_background_gradient":{"color":"#00c6fb","color2":"#005bea","deg":"45","type":"linear"},"global_background_repeat":"no-repeat","global_background_size":"cover","global_background_attachment":"inherit","global_background_position":"50% 50%","global_use_overlay":0,"global_overlay_type":"overlay_none","global_gradient_overlay":{"color":"rgba(127, 0, 255, 0.8)","color2":"rgba(225, 0, 255, 0.7)","deg":"45","type":"linear"},"global_pattern_overlay":"","global_overlay_pattern_color":"","blend_mode":"normal","global_user_border":0,"global_border_width":"","global_border_radius":0,"global_margin":{"md":"0px 0px 30px 0px","sm":"0px 0px 20px 0px","xs":"0px 0px 10px 0px"},"global_padding":"","global_boxshadow":"0 0 0 0 #ffffff","global_use_animation":0,"global_animationduration":"300","global_animationdelay":"0","global_custom_css":"","use_global_width":"0","hidden_md":"0","hidden_sm":"0","hidden_xs":"0","acl":"","instFormId":1574710939921}}]},{"id":1574710543210,"class_name":"col-md-2","visibility":true,"settings":{"background_type":"none","background_gradient":{"color":"#00c6fb","color2":"#005bea","deg":"45","type":"linear"},"background_image":"","background_repeat":"no-repeat","background_size":"cover","background_attachment":"scroll","background_position":"0 0","overlay_type":"overlay_color","gradient_overlay":{"color":"rgba(127, 0, 255, 0.8)","color2":"rgba(225, 0, 255, 0.7)","deg":"45","type":"linear"},"pattern_overlay":"","overlay_pattern_color":"","blend_mode":"normal","items_align_center":0,"use_border":0,"border_width":"","border_radius":0,"boxshadow":"0 0 0 0 #fff","sm_col":"","xs_col":"","tablet_order":"","mobile_order":"","hidden_xs":"","hidden_sm":"","hidden_md":"","animationduration":"300","animationdelay":"0"},"addons":[{"id":1574710950849,"name":"button","visibility":true,"settings":{"admin_label":"","text":"Button","alignment":"sppb-text-left","letterspace":"0","type":"default","appearance":"","fontsize":{"md":16},"button_status":"normal","background_color":"#03E16D","background_gradient":{"color":"#B4EC51","color2":"#429321","deg":"45","type":"linear"},"color":"#FFFFFF","background_color_hover":"#00E66E","background_gradient_hover":{"color":"#429321","color2":"#B4EC51","deg":"45","type":"linear"},"color_hover":"#FFFFFF","link_button_status":"normal","link_button_color":"","link_button_border_width":"","link_border_color":"","link_button_padding_bottom":"","link_button_hover_color":"","link_button_border_hover_color":"","button_padding":"","icon_margin":{"md":"0px 0px 0px 0px","sm":"   ","xs":"   "},"icon_position":"left","class":"","global_background_type":"none","global_background_gradient":{"color":"#00c6fb","color2":"#005bea","deg":"45","type":"linear"},"global_background_repeat":"no-repeat","global_background_size":"cover","global_background_attachment":"inherit","global_background_position":"50% 50%","global_use_overlay":0,"global_overlay_type":"overlay_none","global_gradient_overlay":{"color":"rgba(127, 0, 255, 0.8)","color2":"rgba(225, 0, 255, 0.7)","deg":"45","type":"linear"},"global_pattern_overlay":"","global_overlay_pattern_color":"","blend_mode":"normal","global_user_border":0,"global_border_width":"","global_border_radius":0,"global_margin":{"md":"0px 0px 30px 0px","sm":"0px 0px 20px 0px","xs":"0px 0px 10px 0px"},"global_padding":"","global_boxshadow":"0 0 0 0 #ffffff","global_use_animation":0,"global_animationduration":"300","global_animationdelay":"0","global_custom_css":"","use_global_width":"0","hidden_md":"0","hidden_sm":"0","hidden_xs":"0","acl":"","instFormId":1574710950849}}]},{"id":1574710543211,"class_name":"col-md-2","visibility":true,"settings":{"background_type":"none","background_gradient":{"color":"#00c6fb","color2":"#005bea","deg":"45","type":"linear"},"background_image":"","background_repeat":"no-repeat","background_size":"cover","background_attachment":"scroll","background_position":"0 0","overlay_type":"overlay_color","gradient_overlay":{"color":"rgba(127, 0, 255, 0.8)","color2":"rgba(225, 0, 255, 0.7)","deg":"45","type":"linear"},"pattern_overlay":"","overlay_pattern_color":"","blend_mode":"normal","items_align_center":0,"use_border":0,"border_width":"","border_radius":0,"boxshadow":"0 0 0 0 #fff","sm_col":"","xs_col":"","tablet_order":"","mobile_order":"","hidden_xs":"","hidden_sm":"","hidden_md":"","animationduration":"300","animationdelay":"0"},"addons":[{"id":1574710959970,"name":"button","visibility":true,"settings":{"admin_label":"","text":"Button","alignment":"sppb-text-left","letterspace":"0","type":"default","appearance":"","fontsize":{"md":16},"button_status":"normal","background_color":"#03E16D","background_gradient":{"color":"#B4EC51","color2":"#429321","deg":"45","type":"linear"},"color":"#FFFFFF","background_color_hover":"#00E66E","background_gradient_hover":{"color":"#429321","color2":"#B4EC51","deg":"45","type":"linear"},"color_hover":"#FFFFFF","link_button_status":"normal","link_button_color":"","link_button_border_width":"","link_border_color":"","link_button_padding_bottom":"","link_button_hover_color":"","link_button_border_hover_color":"","button_padding":"","icon_margin":{"md":"0px 0px 0px 0px","sm":"   ","xs":"   "},"icon_position":"left","class":"btn-branco","global_background_type":"none","global_background_gradient":{"color":"#00c6fb","color2":"#005bea","deg":"45","type":"linear"},"global_background_repeat":"no-repeat","global_background_size":"cover","global_background_attachment":"inherit","global_background_position":"50% 50%","global_use_overlay":0,"global_overlay_type":"overlay_none","global_gradient_overlay":{"color":"rgba(127, 0, 255, 0.8)","color2":"rgba(225, 0, 255, 0.7)","deg":"45","type":"linear"},"global_pattern_overlay":"","global_overlay_pattern_color":"","blend_mode":"normal","global_user_border":0,"global_border_width":"","global_border_radius":0,"global_margin":{"md":"0px 0px 30px 0px","sm":"0px 0px 20px 0px","xs":"0px 0px 10px 0px"},"global_padding":"","global_boxshadow":"0 0 0 0 #ffffff","global_use_animation":0,"global_animationduration":"300","global_animationdelay":"0","global_custom_css":"","use_global_width":"0","hidden_md":"0","hidden_sm":"0","hidden_xs":"0","acl":"","instFormId":1574710959970}}]}]},{"id":1574695003212,"visibility":true,"collapse":false,"settings":{"admin_label":"TV Saúde","title":"TV Saúde","heading_selector":"h3","title_fontsize":"","title_fontweight":"","title_position":"sppb-text-center","columns_align_center":0,"fullscreen":0,"no_gutter":0,"padding":{"md":"20px 0px 0px 0px","sm":"   ","xs":"   "},"margin":{"md":"0px 0px 0px 0px","sm":"   ","xs":"   "},"background_type":"color","background_gradient":{"color":"#00c6fb","color2":"#005bea","deg":"45","type":"linear"},"background_image":"","background_parallax":"0","background_repeat":"no-repeat","background_size":"cover","background_attachment":"fixed","background_position":"0 0","external_background_video":"0","video_loop":1,"overlay_type":"overlay_none","gradient_overlay":{"color":"rgba(127, 0, 255, 0.8)","color2":"rgba(225, 0, 255, 0.7)","deg":"45","type":"linear"},"pattern_overlay":"","overlay_pattern_color":"","blend_mode":"normal","show_top_shape":0,"shape_name":"clouds-flat","shape_color":"#e5e5e5","shape_width":{"md":100,"sm":100,"xs":100},"shape_height":"","shape_flip":false,"shape_invert":false,"shape_to_front":false,"show_bottom_shape":0,"bottom_shape_name":"clouds-opacity","bottom_shape_color":"#e5e5e5","bottom_shape_width":{"md":100,"sm":100,"xs":100},"bottom_shape_height":"","bottom_shape_flip":false,"bottom_shape_invert":false,"bottom_shape_to_front":false,"hidden_xs":"","hidden_sm":"","hidden_md":"","animationduration":"300","animationdelay":"0","instFormId":1574695003212,"background_color":"#EFEFEF"},"layout":"6,3,3","columns":[{"id":1574695003210,"class_name":"col-md-6","visibility":true,"settings":{"background_type":"none","background_gradient":{"color":"#00c6fb","color2":"#005bea","deg":"45","type":"linear"},"background_image":"","background_repeat":"no-repeat","background_size":"cover","background_attachment":"scroll","background_position":"0 0","overlay_type":"overlay_color","gradient_overlay":{"color":"rgba(127, 0, 255, 0.8)","color2":"rgba(225, 0, 255, 0.7)","deg":"45","type":"linear"},"pattern_overlay":"","overlay_pattern_color":"","blend_mode":"normal","items_align_center":0,"use_border":0,"border_width":"","border_radius":0,"boxshadow":"0 0 0 0 #fff","sm_col":"","xs_col":"","tablet_order":"","mobile_order":"","hidden_xs":"","hidden_sm":"","hidden_md":"","animationduration":"300","animationdelay":"0"},"addons":[{"id":1574711222413,"name":"video","visibility":true,"settings":{"admin_label":"","title":"","heading_selector":"h3","title_fontsize":"","title_lineheight":"","title_letterspace":"0","url":"https://www.youtube.com/watch?v=BWLRMBrKH_c","hideinfo":0,"no_cookie":0,"mp4_enable":0,"mp4_video":"https://www.joomshaper.com/media/videos/2017/11/10/pb-intro-video.mp4","video_poster":"https://www.joomshaper.com/images/2017/11/10/real-time-frontend.jpg","show_control":1,"video_loop":0,"autoplay_video":0,"class":"","global_background_type":"none","global_background_gradient":{"color":"#00c6fb","color2":"#005bea","deg":"45","type":"linear"},"global_background_repeat":"no-repeat","global_background_size":"cover","global_background_attachment":"inherit","global_background_position":"50% 50%","global_use_overlay":0,"global_overlay_type":"overlay_none","global_gradient_overlay":{"color":"rgba(127, 0, 255, 0.8)","color2":"rgba(225, 0, 255, 0.7)","deg":"45","type":"linear"},"global_pattern_overlay":"","global_overlay_pattern_color":"","blend_mode":"normal","global_user_border":0,"global_border_width":"","global_border_radius":0,"global_margin":{"md":"0px 0px 30px 0px","sm":"0px 0px 20px 0px","xs":"0px 0px 10px 0px"},"global_padding":"","global_boxshadow":"0 0 0 0 #ffffff","global_use_animation":0,"global_animationduration":"300","global_animationdelay":"0","global_custom_css":"","use_global_width":"0","hidden_md":"0","hidden_sm":"0","hidden_xs":"0","acl":"","instFormId":1574711222413}}]},{"id":1574695003211,"class_name":"col-md-3","visibility":true,"settings":{"background_type":"none","background_gradient":{"color":"#00c6fb","color2":"#005bea","deg":"45","type":"linear"},"background_image":"","background_repeat":"no-repeat","background_size":"cover","background_attachment":"scroll","background_position":"0 0","overlay_type":"overlay_color","gradient_overlay":{"color":"rgba(127, 0, 255, 0.8)","color2":"rgba(225, 0, 255, 0.7)","deg":"45","type":"linear"},"pattern_overlay":"","overlay_pattern_color":"","blend_mode":"normal","items_align_center":0,"use_border":0,"border_width":"","border_radius":0,"boxshadow":"0 0 0 0 #fff","sm_col":"","xs_col":"","tablet_order":"","mobile_order":"","hidden_xs":"","hidden_sm":"","hidden_md":"","animationduration":"300","animationdelay":"0"},"addons":[{"id":1574711647684,"name":"video","visibility":true,"settings":{"admin_label":"","title":"","heading_selector":"h3","title_fontsize":"","title_lineheight":"","title_letterspace":"0","url":"https://www.youtube.com/watch?v=BWLRMBrKH_c","hideinfo":0,"no_cookie":0,"mp4_enable":0,"mp4_video":"https://www.joomshaper.com/media/videos/2017/11/10/pb-intro-video.mp4","video_poster":"https://www.joomshaper.com/images/2017/11/10/real-time-frontend.jpg","show_control":1,"video_loop":0,"autoplay_video":0,"class":"","global_background_type":"none","global_background_gradient":{"color":"#00c6fb","color2":"#005bea","deg":"45","type":"linear"},"global_background_repeat":"no-repeat","global_background_size":"cover","global_background_attachment":"inherit","global_background_position":"50% 50%","global_use_overlay":0,"global_overlay_type":"overlay_none","global_gradient_overlay":{"color":"rgba(127, 0, 255, 0.8)","color2":"rgba(225, 0, 255, 0.7)","deg":"45","type":"linear"},"global_pattern_overlay":"","global_overlay_pattern_color":"","blend_mode":"normal","global_user_border":0,"global_border_width":"","global_border_radius":0,"global_margin":{"md":"0px 0px 15px 0px","sm":"0px 0px 20px 0px","xs":"0px 0px 10px 0px"},"global_padding":{"md":"   ","sm":"   ","xs":"   "},"global_boxshadow":"0 0 0 0 #ffffff","global_use_animation":0,"global_animationduration":"300","global_animationdelay":"0","global_custom_css":"","use_global_width":"0","hidden_md":"0","hidden_sm":"0","hidden_xs":"0","acl":"","instFormId":1574711647684}},{"id":1574711301868,"type":"inner_row","settings":{"admin_label":"","title":"","heading_selector":"h3","title_fontsize":"","title_fontweight":"","title_position":"sppb-text-center","columns_align_center":0,"fullscreen":0,"no_gutter":0,"padding":{"md":"0px 0px 0px 0px","sm":"   ","xs":"   "},"margin":{"md":"0px 0px 0px 0px","sm":"   ","xs":"   "},"background_type":"none","background_gradient":{"color":"#00c6fb","color2":"#005bea","deg":"45","type":"linear"},"background_image":"","background_parallax":"0","background_repeat":"no-repeat","background_size":"cover","background_attachment":"fixed","background_position":"0 0","external_background_video":"0","video_loop":1,"overlay_type":"overlay_none","gradient_overlay":{"color":"rgba(127, 0, 255, 0.8)","color2":"rgba(225, 0, 255, 0.7)","deg":"45","type":"linear"},"pattern_overlay":"","overlay_pattern_color":"","blend_mode":"normal","show_top_shape":0,"shape_name":"clouds-flat","shape_color":"#e5e5e5","shape_width":{"md":100,"sm":100,"xs":100},"shape_height":"","shape_flip":false,"shape_invert":false,"shape_to_front":false,"show_bottom_shape":0,"bottom_shape_name":"clouds-opacity","bottom_shape_color":"#e5e5e5","bottom_shape_width":{"md":100,"sm":100,"xs":100},"bottom_shape_height":"","bottom_shape_flip":false,"bottom_shape_invert":false,"bottom_shape_to_front":false,"hidden_xs":"","hidden_sm":"","hidden_md":"","animationduration":"300","animationdelay":"0","instFormId":1574711301868},"layout":"12","visibility":true,"columns":[{"id":1574711301869,"class_name":"col-md-12","visibility":true,"settings":{"background_type":"none","background_gradient":{"color":"#00c6fb","color2":"#005bea","deg":"45","type":"linear"},"background_image":"","background_repeat":"no-repeat","background_size":"cover","background_attachment":"scroll","background_position":"0 0","overlay_type":"overlay_color","gradient_overlay":{"color":"rgba(127, 0, 255, 0.8)","color2":"rgba(225, 0, 255, 0.7)","deg":"45","type":"linear"},"pattern_overlay":"","overlay_pattern_color":"","blend_mode":"normal","items_align_center":0,"use_border":0,"border_width":"","border_radius":0,"boxshadow":"0 0 0 0 #fff","sm_col":"","xs_col":"","tablet_order":"","mobile_order":"","hidden_xs":"","hidden_sm":"","hidden_md":"","animationduration":"300","animationdelay":"0"},"addons":[{"id":1574711658388,"name":"video","visibility":true,"settings":{"admin_label":"","title":"","heading_selector":"h3","title_fontsize":"","title_lineheight":"","title_letterspace":"0","url":"https://www.youtube.com/watch?v=BWLRMBrKH_c","hideinfo":0,"no_cookie":0,"mp4_enable":0,"mp4_video":"https://www.joomshaper.com/media/videos/2017/11/10/pb-intro-video.mp4","video_poster":"https://www.joomshaper.com/images/2017/11/10/real-time-frontend.jpg","show_control":1,"video_loop":0,"autoplay_video":0,"class":"","global_background_type":"none","global_background_gradient":{"color":"#00c6fb","color2":"#005bea","deg":"45","type":"linear"},"global_background_repeat":"no-repeat","global_background_size":"cover","global_background_attachment":"inherit","global_background_position":"50% 50%","global_use_overlay":0,"global_overlay_type":"overlay_none","global_gradient_overlay":{"color":"rgba(127, 0, 255, 0.8)","color2":"rgba(225, 0, 255, 0.7)","deg":"45","type":"linear"},"global_pattern_overlay":"","global_overlay_pattern_color":"","blend_mode":"normal","global_user_border":0,"global_border_width":"","global_border_radius":0,"global_margin":{"md":"0px 0px 30px 0px","sm":"0px 0px 20px 0px","xs":"0px 0px 10px 0px"},"global_padding":"","global_boxshadow":"0 0 0 0 #ffffff","global_use_animation":0,"global_animationduration":"300","global_animationdelay":"0","global_custom_css":"","use_global_width":"0","hidden_md":"0","hidden_sm":"0","hidden_xs":"0","acl":"","instFormId":1574711658388}}]}]}]},{"id":1574711301855,"class_name":"col-md-3","visibility":true,"settings":{"background_type":"none","background_gradient":{"color":"#00c6fb","color2":"#005bea","deg":"45","type":"linear"},"background_image":"","background_repeat":"no-repeat","background_size":"cover","background_attachment":"scroll","background_position":"0 0","overlay_type":"overlay_color","gradient_overlay":{"color":"rgba(127, 0, 255, 0.8)","color2":"rgba(225, 0, 255, 0.7)","deg":"45","type":"linear"},"pattern_overlay":"","overlay_pattern_color":"","blend_mode":"normal","items_align_center":0,"use_border":0,"border_width":"","border_radius":0,"boxshadow":"0 0 0 0 #fff","sm_col":"","xs_col":"","tablet_order":"","mobile_order":"","hidden_xs":"","hidden_sm":"","hidden_md":"","animationduration":"300","animationdelay":"0"},"addons":[{"id":1574711320013,"name":"video","visibility":true,"settings":{"admin_label":"","title":"","heading_selector":"h3","title_fontsize":"","title_lineheight":"","title_letterspace":"0","url":"https://www.youtube.com/watch?v=BWLRMBrKH_c","hideinfo":0,"no_cookie":0,"mp4_enable":0,"mp4_video":"https://www.joomshaper.com/media/videos/2017/11/10/pb-intro-video.mp4","video_poster":"https://www.joomshaper.com/images/2017/11/10/real-time-frontend.jpg","show_control":1,"video_loop":0,"autoplay_video":0,"class":"","global_background_type":"none","global_background_gradient":{"color":"#00c6fb","color2":"#005bea","deg":"45","type":"linear"},"global_background_repeat":"no-repeat","global_background_size":"cover","global_background_attachment":"inherit","global_background_position":"50% 50%","global_use_overlay":0,"global_overlay_type":"overlay_none","global_gradient_overlay":{"color":"rgba(127, 0, 255, 0.8)","color2":"rgba(225, 0, 255, 0.7)","deg":"45","type":"linear"},"global_pattern_overlay":"","global_overlay_pattern_color":"","blend_mode":"normal","global_user_border":0,"global_border_width":"","global_border_radius":0,"global_margin":{"md":"0px 0px 15px 0px","sm":"0px 0px 20px 0px","xs":"0px 0px 10px 0px"},"global_padding":{"md":"   ","sm":"   ","xs":"   "},"global_boxshadow":"0 0 0 0 #ffffff","global_use_animation":0,"global_animationduration":"300","global_animationdelay":"0","global_custom_css":"","use_global_width":"0","hidden_md":"0","hidden_sm":"0","hidden_xs":"0","acl":"","instFormId":1574711320013}},{"id":1574711301856,"type":"inner_row","settings":{"admin_label":"","title":"","heading_selector":"h3","title_fontsize":"","title_fontweight":"","title_position":"sppb-text-center","columns_align_center":0,"fullscreen":0,"no_gutter":0,"padding":{"md":"0px 0px 0px 0px","sm":"   ","xs":"   "},"margin":{"md":"0px 0px 0px 0px","sm":"   ","xs":"   "},"background_type":"none","background_gradient":{"color":"#00c6fb","color2":"#005bea","deg":"45","type":"linear"},"background_image":"","background_parallax":"0","background_repeat":"no-repeat","background_size":"cover","background_attachment":"fixed","background_position":"0 0","external_background_video":"0","video_loop":1,"overlay_type":"overlay_none","gradient_overlay":{"color":"rgba(127, 0, 255, 0.8)","color2":"rgba(225, 0, 255, 0.7)","deg":"45","type":"linear"},"pattern_overlay":"","overlay_pattern_color":"","blend_mode":"normal","show_top_shape":0,"shape_name":"clouds-flat","shape_color":"#e5e5e5","shape_width":{"md":100,"sm":100,"xs":100},"shape_height":"","shape_flip":false,"shape_invert":false,"shape_to_front":false,"show_bottom_shape":0,"bottom_shape_name":"clouds-opacity","bottom_shape_color":"#e5e5e5","bottom_shape_width":{"md":100,"sm":100,"xs":100},"bottom_shape_height":"","bottom_shape_flip":false,"bottom_shape_invert":false,"bottom_shape_to_front":false,"hidden_xs":"","hidden_sm":"","hidden_md":"","animationduration":"300","animationdelay":"0","instFormId":1574711301856},"layout":"12","visibility":true,"columns":[{"id":1574711301857,"class_name":"col-md-12","visibility":true,"settings":{"background_type":"none","background_gradient":{"color":"#00c6fb","color2":"#005bea","deg":"45","type":"linear"},"background_image":"","background_repeat":"no-repeat","background_size":"cover","background_attachment":"scroll","background_position":"0 0","overlay_type":"overlay_color","gradient_overlay":{"color":"rgba(127, 0, 255, 0.8)","color2":"rgba(225, 0, 255, 0.7)","deg":"45","type":"linear"},"pattern_overlay":"","overlay_pattern_color":"","blend_mode":"normal","items_align_center":0,"use_border":0,"border_width":"","border_radius":0,"boxshadow":"0 0 0 0 #fff","sm_col":"","xs_col":"","tablet_order":"","mobile_order":"","hidden_xs":"","hidden_sm":"","hidden_md":"","animationduration":"300","animationdelay":"0"},"addons":[{"id":1574711334381,"name":"video","visibility":true,"settings":{"admin_label":"","title":"","heading_selector":"h3","title_fontsize":"","title_lineheight":"","title_letterspace":"0","url":"https://www.youtube.com/watch?v=BWLRMBrKH_c","hideinfo":0,"no_cookie":0,"mp4_enable":0,"mp4_video":"https://www.joomshaper.com/media/videos/2017/11/10/pb-intro-video.mp4","video_poster":"https://www.joomshaper.com/images/2017/11/10/real-time-frontend.jpg","show_control":1,"video_loop":0,"autoplay_video":0,"class":"","global_background_type":"none","global_background_gradient":{"color":"#00c6fb","color2":"#005bea","deg":"45","type":"linear"},"global_background_repeat":"no-repeat","global_background_size":"cover","global_background_attachment":"inherit","global_background_position":"50% 50%","global_use_overlay":0,"global_overlay_type":"overlay_none","global_gradient_overlay":{"color":"rgba(127, 0, 255, 0.8)","color2":"rgba(225, 0, 255, 0.7)","deg":"45","type":"linear"},"global_pattern_overlay":"","global_overlay_pattern_color":"","blend_mode":"normal","global_user_border":0,"global_border_width":"","global_border_radius":0,"global_margin":{"md":"0px 0px 30px 0px","sm":"0px 0px 20px 0px","xs":"0px 0px 10px 0px"},"global_padding":"","global_boxshadow":"0 0 0 0 #ffffff","global_use_animation":0,"global_animationduration":"300","global_animationdelay":"0","global_custom_css":"","use_global_width":"0","hidden_md":"0","hidden_sm":"0","hidden_xs":"0","acl":"","instFormId":1574711334381}}]}]}]}]},{"id":1574711301909,"visibility":true,"collapse":false,"settings":{"admin_label":"","title":"","heading_selector":"h3","title_fontsize":"","title_fontweight":"","title_position":"sppb-text-center","columns_align_center":0,"fullscreen":0,"no_gutter":0,"padding":{"md":"0px 0px 0px 0px","sm":"   ","xs":"   "},"margin":{"md":"0px 0px 0px 0px","sm":"   ","xs":"   "},"background_type":"color","background_gradient":{"color":"#00c6fb","color2":"#005bea","deg":"45","type":"linear"},"background_image":"","background_parallax":"0","background_repeat":"no-repeat","background_size":"cover","background_attachment":"fixed","background_position":"0 0","external_background_video":"0","video_loop":1,"overlay_type":"overlay_none","gradient_overlay":{"color":"rgba(127, 0, 255, 0.8)","color2":"rgba(225, 0, 255, 0.7)","deg":"45","type":"linear"},"pattern_overlay":"","overlay_pattern_color":"","blend_mode":"normal","show_top_shape":0,"shape_name":"clouds-flat","shape_color":"#e5e5e5","shape_width":{"md":100,"sm":100,"xs":100},"shape_height":"","shape_flip":false,"shape_invert":false,"shape_to_front":false,"show_bottom_shape":0,"bottom_shape_name":"clouds-opacity","bottom_shape_color":"#e5e5e5","bottom_shape_width":{"md":100,"sm":100,"xs":100},"bottom_shape_height":"","bottom_shape_flip":false,"bottom_shape_invert":false,"bottom_shape_to_front":false,"hidden_xs":"","hidden_sm":"","hidden_md":"","animationduration":"300","animationdelay":"0","instFormId":1574711301909,"background_color":"#EFEFEF"},"layout":"12","columns":[{"id":1574711301908,"class_name":"col-md-12","visibility":true,"settings":{"background_type":"none","background_gradient":{"color":"#00c6fb","color2":"#005bea","deg":"45","type":"linear"},"background_image":"","background_repeat":"no-repeat","background_size":"cover","background_attachment":"scroll","background_position":"0 0","overlay_type":"overlay_color","gradient_overlay":{"color":"rgba(127, 0, 255, 0.8)","color2":"rgba(225, 0, 255, 0.7)","deg":"45","type":"linear"},"pattern_overlay":"","overlay_pattern_color":"","blend_mode":"normal","items_align_center":0,"use_border":0,"border_width":"","border_radius":0,"boxshadow":"0 0 0 0 #fff","sm_col":"","xs_col":"","tablet_order":"","mobile_order":"","hidden_xs":"","hidden_sm":"","hidden_md":"","animationduration":"300","animationdelay":"0"},"addons":[{"id":1574711793541,"name":"button","visibility":true,"settings":{"admin_label":"","text":"Mais Vídeos","alignment":"sppb-text-center","letterspace":"0","type":"dark","appearance":"","fontsize":{"md":16},"button_status":"normal","background_color":"#03E16D","background_gradient":{"color":"#B4EC51","color2":"#429321","deg":"45","type":"linear"},"color":"#FFFFFF","background_color_hover":"#00E66E","background_gradient_hover":{"color":"#429321","color2":"#B4EC51","deg":"45","type":"linear"},"color_hover":"#FFFFFF","link_button_status":"normal","link_button_color":"","link_button_border_width":"","link_border_color":"","link_button_padding_bottom":"","link_button_hover_color":"","link_button_border_hover_color":"","button_padding":"","icon_margin":{"md":"0px 0px 0px 0px","sm":"   ","xs":"   "},"icon_position":"left","class":"","global_background_type":"none","global_background_gradient":{"color":"#00c6fb","color2":"#005bea","deg":"45","type":"linear"},"global_background_repeat":"no-repeat","global_background_size":"cover","global_background_attachment":"inherit","global_background_position":"50% 50%","global_use_overlay":0,"global_overlay_type":"overlay_none","global_gradient_overlay":{"color":"rgba(127, 0, 255, 0.8)","color2":"rgba(225, 0, 255, 0.7)","deg":"45","type":"linear"},"global_pattern_overlay":"","global_overlay_pattern_color":"","blend_mode":"normal","global_user_border":0,"global_border_width":"","global_border_radius":0,"global_margin":{"md":"0px 0px 30px 0px","sm":"0px 0px 20px 0px","xs":"0px 0px 10px 0px"},"global_padding":"","global_boxshadow":"0 0 0 0 #ffffff","global_use_animation":0,"global_animationduration":"300","global_animationdelay":"0","global_custom_css":"","use_global_width":"0","hidden_md":"0","hidden_sm":"0","hidden_xs":"0","acl":"","instFormId":1574711793541}}]}]},{"id":1574712026593,"visibility":true,"collapse":false,"settings":{"admin_label":"","title":"","heading_selector":"h3","title_fontsize":"","title_fontweight":"","title_position":"sppb-text-center","columns_align_center":0,"fullscreen":0,"no_gutter":0,"padding":{"md":"50px 0px 0px 0px","sm":"   ","xs":"   "},"margin":{"md":"0px 0px 0px 0px","sm":"   ","xs":"   "},"background_type":"image","background_gradient":{"color":"#00c6fb","color2":"#005bea","deg":"45","type":"linear"},"background_image":"images/2018/02/22/img2.jpg","background_parallax":0,"background_repeat":"no-repeat","background_size":"cover","background_attachment":"inherit","background_position":"0 50%","external_background_video":"0","video_loop":1,"overlay_type":"overlay_none","gradient_overlay":{"color":"rgba(127, 0, 255, 0.8)","color2":"rgba(225, 0, 255, 0.7)","deg":"45","type":"linear"},"pattern_overlay":"","overlay_pattern_color":"","blend_mode":"normal","show_top_shape":0,"shape_name":"clouds-flat","shape_color":"#e5e5e5","shape_width":{"md":100,"sm":100,"xs":100},"shape_height":"","shape_flip":false,"shape_invert":false,"shape_to_front":false,"show_bottom_shape":0,"bottom_shape_name":"clouds-opacity","bottom_shape_color":"#e5e5e5","bottom_shape_width":{"md":100,"sm":100,"xs":100},"bottom_shape_height":"","bottom_shape_flip":false,"bottom_shape_invert":false,"bottom_shape_to_front":false,"hidden_xs":"","hidden_sm":"","hidden_md":"","animationduration":"300","animationdelay":"0","instFormId":1574712026593},"layout":"12","columns":[{"id":1574712026592,"class_name":"col-md-12","visibility":true,"settings":{"background_type":"none","background_gradient":{"color":"#00c6fb","color2":"#005bea","deg":"45","type":"linear"},"background_image":"","background_repeat":"no-repeat","background_size":"cover","background_attachment":"scroll","background_position":"0 0","overlay_type":"overlay_color","gradient_overlay":{"color":"rgba(127, 0, 255, 0.8)","color2":"rgba(225, 0, 255, 0.7)","deg":"45","type":"linear"},"pattern_overlay":"","overlay_pattern_color":"","blend_mode":"normal","items_align_center":0,"use_border":0,"border_width":"","border_radius":0,"boxshadow":"0 0 0 0 #fff","sm_col":"","xs_col":"","tablet_order":"","mobile_order":"","hidden_xs":"","hidden_sm":"","hidden_md":"","animationduration":"300","animationdelay":"0"},"addons":[{"id":1574712061093,"name":"module","visibility":true,"settings":{"admin_label":"Saúde Brasil","title":"","heading_selector":"h3","title_fontsize":"","title_lineheight":"","title_letterspace":"0","module_type":"module","class":"","global_background_type":"none","global_background_gradient":{"color":"#00c6fb","color2":"#005bea","deg":"45","type":"linear"},"global_background_repeat":"no-repeat","global_background_size":"cover","global_background_attachment":"inherit","global_background_position":"50% 50%","global_use_overlay":0,"global_overlay_type":"overlay_none","global_gradient_overlay":{"color":"rgba(127, 0, 255, 0.8)","color2":"rgba(225, 0, 255, 0.7)","deg":"45","type":"linear"},"global_pattern_overlay":"","global_overlay_pattern_color":"","blend_mode":"normal","global_user_border":0,"global_border_width":"","global_border_radius":0,"global_margin":{"md":"0px 0px 30px 0px","sm":"0px 0px 20px 0px","xs":"0px 0px 10px 0px"},"global_padding":"","global_boxshadow":"0 0 0 0 #ffffff","global_use_animation":0,"global_animationduration":"300","global_animationdelay":"0","global_custom_css":"","instFormId":1574712061093,"id":"203","global_margin_sm":"0px 0px 20px 0px","global_margin_xs":"0px 0px 10px 0px"}}]}]},{"id":1574712876217,"visibility":true,"collapse":false,"settings":{"admin_label":"Saúde de A a Z","title":"","heading_selector":"h3","title_fontsize":"","title_fontweight":"","title_position":"sppb-text-center","columns_align_center":0,"fullscreen":0,"no_gutter":0,"padding":"50px 0px 50px 0px","margin":"0px 0px 0px 0px","background_type":"none","background_gradient":{"color":"#00c6fb","color2":"#005bea","deg":"45","type":"linear"},"background_image":"","background_parallax":"0","background_repeat":"no-repeat","background_size":"cover","background_attachment":"fixed","background_position":"0 0","external_background_video":"0","video_loop":1,"overlay_type":"overlay_none","gradient_overlay":{"color":"rgba(127, 0, 255, 0.8)","color2":"rgba(225, 0, 255, 0.7)","deg":"45","type":"linear"},"pattern_overlay":"","overlay_pattern_color":"","blend_mode":"normal","show_top_shape":"","shape_name":"clouds-flat","shape_color":"#e5e5e5","shape_width":{"md":100,"sm":100,"xs":100},"shape_height":"","shape_flip":false,"shape_invert":false,"shape_to_front":false,"show_bottom_shape":"","bottom_shape_name":"clouds-opacity","bottom_shape_color":"#e5e5e5","bottom_shape_width":{"md":100,"sm":100,"xs":100},"bottom_shape_height":"","bottom_shape_flip":false,"bottom_shape_invert":false,"bottom_shape_to_front":false,"hidden_xs":"","hidden_sm":"","hidden_md":"","animationduration":"300","animationdelay":"0","instFormId":1574712876217},"layout":"6,3,3","columns":[{"id":1574712876216,"class_name":"col-md-6","visibility":true,"settings":{"background_type":"none","background_gradient":{"color":"#00c6fb","color2":"#005bea","deg":"45","type":"linear"},"background_image":"","background_repeat":"no-repeat","background_size":"cover","background_attachment":"scroll","background_position":"0 0","overlay_type":"overlay_color","gradient_overlay":{"color":"rgba(127, 0, 255, 0.8)","color2":"rgba(225, 0, 255, 0.7)","deg":"45","type":"linear"},"pattern_overlay":"","overlay_pattern_color":"","blend_mode":"normal","items_align_center":0,"use_border":0,"border_width":"","border_radius":0,"boxshadow":"0 0 0 0 #fff","sm_col":"","xs_col":"","tablet_order":"","mobile_order":"","hidden_xs":"","hidden_sm":"","hidden_md":"","animationduration":"300","animationdelay":"0"},"addons":[{"id":1574712973644,"type":"inner_row","settings":{"admin_label":"","title":"","heading_selector":"h3","title_fontsize":"","title_fontweight":"","title_position":"sppb-text-center","columns_align_center":0,"fullscreen":0,"no_gutter":0,"padding":{"md":"0px 0px 0px 0px","sm":"   ","xs":"   "},"margin":{"md":"0px 0px 0px 0px","sm":"   ","xs":"   "},"background_type":"none","background_gradient":{"color":"#00c6fb","color2":"#005bea","deg":"45","type":"linear"},"background_image":"","background_parallax":"0","background_repeat":"no-repeat","background_size":"cover","background_attachment":"fixed","background_position":"0 0","external_background_video":"0","video_loop":1,"overlay_type":"overlay_none","gradient_overlay":{"color":"rgba(127, 0, 255, 0.8)","color2":"rgba(225, 0, 255, 0.7)","deg":"45","type":"linear"},"pattern_overlay":"","overlay_pattern_color":"","blend_mode":"normal","show_top_shape":0,"shape_name":"clouds-flat","shape_color":"#e5e5e5","shape_width":{"md":100,"sm":100,"xs":100},"shape_height":"","shape_flip":false,"shape_invert":false,"shape_to_front":false,"show_bottom_shape":0,"bottom_shape_name":"clouds-opacity","bottom_shape_color":"#e5e5e5","bottom_shape_width":{"md":100,"sm":100,"xs":100},"bottom_shape_height":"","bottom_shape_flip":false,"bottom_shape_invert":false,"bottom_shape_to_front":false,"hidden_xs":"","hidden_sm":"","hidden_md":"","animationduration":"300","animationdelay":"0","instFormId":1574712973644},"layout":"12","visibility":true,"columns":[{"id":1574712973645,"class_name":"col-md-12","visibility":true,"settings":{"background_type":"none","background_gradient":{"color":"#00c6fb","color2":"#005bea","deg":"45","type":"linear"},"background_image":"","background_repeat":"no-repeat","background_size":"cover","background_attachment":"scroll","background_position":"0 0","overlay_type":"overlay_color","gradient_overlay":{"color":"rgba(127, 0, 255, 0.8)","color2":"rgba(225, 0, 255, 0.7)","deg":"45","type":"linear"},"pattern_overlay":"","overlay_pattern_color":"","blend_mode":"normal","items_align_center":0,"use_border":0,"border_width":"","border_radius":0,"boxshadow":"0 0 0 0 #fff","sm_col":"","xs_col":"","tablet_order":"","mobile_order":"","hidden_xs":"","hidden_sm":"","hidden_md":"","animationduration":"300","animationdelay":"0"},"addons":[{"id":1574714168324,"name":"heading","visibility":true,"settings":{"admin_label":"","title":"SÁUDE DE A A Z","heading_selector":"h3","use_link":0,"title_link":"","link_new_tab":"","title_fontsize":"","title_lineheight":"","title_letterspace":"0","title_text_transform":"none","title_margin":{"md":"0px 0px 30px 0px","sm":"   ","xs":"   "},"title_padding":{"md":"0px 0px 0px 0px","sm":"   ","xs":"   "},"title_icon_position":"before","alignment":"sppb-text-center","title_text_shadow":"","class":"","global_background_type":"none","global_background_gradient":{"color":"#00c6fb","color2":"#005bea","deg":"45","type":"linear"},"global_background_repeat":"no-repeat","global_background_size":"cover","global_background_attachment":"inherit","global_background_position":"50% 50%","global_use_overlay":0,"global_overlay_type":"overlay_none","global_gradient_overlay":{"color":"rgba(127, 0, 255, 0.8)","color2":"rgba(225, 0, 255, 0.7)","deg":"45","type":"linear"},"global_pattern_overlay":"","global_overlay_pattern_color":"","blend_mode":"normal","global_user_border":0,"global_border_width":"","global_border_radius":0,"global_margin":{"md":"0px 0px 0px 0px","sm":"0px 0px 20px 0px","xs":"0px 0px 10px 0px"},"global_padding":{"md":"   ","sm":"   ","xs":"   "},"global_boxshadow":"0 0 0 0 #ffffff","global_use_animation":0,"global_animationduration":"300","global_animationdelay":"0","global_custom_css":"","use_global_width":"0","hidden_md":"0","hidden_sm":"0","hidden_xs":"0","acl":"","instFormId":1574714168324}},{"id":1574714243147,"name":"divider","visibility":true,"settings":{"admin_label":"","divider_type":"border","divider_vertical":0,"divider_height_vertical":{"md":"100","sm":"","xs":""},"divider_image":"","background_repeat":"no-repeat","divider_height":"10","divider_position":{"md":"center"},"container_div_width":{"md":"171","sm":"","xs":""},"border_style":"solid","border_width":"3","border_radius":"","border_color":"#cccccc","margin_top":{"md":"0","sm":20,"xs":10},"margin_bottom":{"md":"10","sm":20,"xs":10},"class":"","global_background_type":"none","global_background_gradient":{"color":"#00c6fb","color2":"#005bea","deg":"45","type":"linear"},"global_background_repeat":"no-repeat","global_background_size":"cover","global_background_attachment":"inherit","global_background_position":"50% 50%","global_use_overlay":0,"global_overlay_type":"overlay_none","global_gradient_overlay":{"color":"rgba(127, 0, 255, 0.8)","color2":"rgba(225, 0, 255, 0.7)","deg":"45","type":"linear"},"global_pattern_overlay":"","global_overlay_pattern_color":"","blend_mode":"normal","global_user_border":0,"global_border_width":"","global_border_radius":0,"global_margin":{"md":"0px 0px 0px 0px","sm":"0px 0px 20px 0px","xs":"0px 0px 10px 0px"},"global_padding":{"md":"   ","sm":"   ","xs":"   "},"global_boxshadow":"0 0 0 0 #ffffff","global_use_animation":0,"global_animationduration":"300","global_animationdelay":"0","global_custom_css":"","use_global_width":"0","hidden_md":"0","hidden_sm":"0","hidden_xs":"0","acl":"","instFormId":1574714243147}}]}]},{"id":1574713334987,"name":"raw_html","visibility":true,"settings":{"admin_label":"Saúde de A a Z","title":"","heading_selector":"h3","title_fontsize":"","title_lineheight":"","title_letterspace":"0","html":"\n\t\t\t\t\t<p>Glossário com os principais temas, ações, politicas, programas do Ministério da Saúde na prevenção e promoção da saúde.<br></p>\n\n<ul class=\"btn-toolbar\">\n\t\t\t<li class=\"btn-group\"><a class=\"btn\" href=#\">alzheimer </a></li>\n<li class=\"btn-group\"><a class=\"btn\" href=#\">câncer de pele</a></li>\n<li class=\"btn-group\"><a class=\"btn\" href=#\">doação de órgaos</a></li>\n<li class=\"btn-group\"><a class=\"btn\" href=#\">alzheimer </a></li>\n<li class=\"btn-group\"><a class=\"btn\" href=#\">alzheimer </a></li>\n<li class=\"btn-group\"><a class=\"btn\" href=#\">alzheimer </a></li>\n<li class=\"btn-group\"><a class=\"btn\" href=#\">alzheimer </a></li>\n<li class=\"btn-group\"><a class=\"btn\" href=#\">alzheimer </a></li>\n\t\t</ul>\n\t\t\t\t","class":"btn-home","global_background_type":"none","global_background_gradient":{"color":"#00c6fb","color2":"#005bea","deg":"45","type":"linear"},"global_background_repeat":"no-repeat","global_background_size":"cover","global_background_attachment":"inherit","global_background_position":"50% 50%","global_use_overlay":0,"global_overlay_type":"overlay_none","global_gradient_overlay":{"color":"rgba(127, 0, 255, 0.8)","color2":"rgba(225, 0, 255, 0.7)","deg":"45","type":"linear"},"global_pattern_overlay":"","global_overlay_pattern_color":"","blend_mode":"normal","global_user_border":0,"global_border_width":"","global_border_radius":0,"global_margin":{"md":"0px 0px 30px 0px","sm":"0px 0px 20px 0px","xs":"0px 0px 10px 0px"},"global_padding":"","global_boxshadow":"0 0 0 0 #ffffff","global_use_animation":0,"global_animationduration":"300","global_animationdelay":"0","global_custom_css":"","use_global_width":"0","hidden_md":"0","hidden_sm":"0","hidden_xs":"0","acl":"","instFormId":1574713334987}}]},{"id":1574712876218,"class_name":"col-md-3","visibility":true,"settings":{"background_type":"none","background_gradient":{"color":"#00c6fb","color2":"#005bea","deg":"45","type":"linear"},"background_image":"","background_repeat":"no-repeat","background_size":"cover","background_attachment":"scroll","background_position":"0 0","overlay_type":"overlay_color","gradient_overlay":{"color":"rgba(127, 0, 255, 0.8)","color2":"rgba(225, 0, 255, 0.7)","deg":"45","type":"linear"},"pattern_overlay":"","overlay_pattern_color":"","blend_mode":"normal","items_align_center":0,"use_border":0,"border_width":"","border_radius":0,"boxshadow":"0 0 0 0 #fff","sm_col":"","xs_col":"","tablet_order":"","mobile_order":"","hidden_xs":"","hidden_sm":"","hidden_md":"","animationduration":"300","animationdelay":"0","instFormId":1574712876218,"padding":{"md":"   ","sm":"   ","xs":"   "},"margin":{"md":"   ","sm":"   ","xs":"   "}},"addons":[{"id":1574712974427,"type":"inner_row","settings":{"admin_label":"","title":"","heading_selector":"h3","title_fontsize":"","title_fontweight":"","title_position":"sppb-text-center","columns_align_center":0,"fullscreen":0,"no_gutter":0,"padding":{"md":"0px 0px 0px 0px","sm":"   ","xs":"   "},"margin":{"md":"0px 0px 0px 0px","sm":"   ","xs":"   "},"background_type":"none","background_gradient":{"color":"#00c6fb","color2":"#005bea","deg":"45","type":"linear"},"background_image":"","background_parallax":"0","background_repeat":"no-repeat","background_size":"cover","background_attachment":"fixed","background_position":"0 0","external_background_video":"0","video_loop":1,"overlay_type":"overlay_none","gradient_overlay":{"color":"rgba(127, 0, 255, 0.8)","color2":"rgba(225, 0, 255, 0.7)","deg":"45","type":"linear"},"pattern_overlay":"","overlay_pattern_color":"","blend_mode":"normal","show_top_shape":0,"shape_name":"clouds-flat","shape_color":"#e5e5e5","shape_width":{"md":100,"sm":100,"xs":100},"shape_height":"","shape_flip":false,"shape_invert":false,"shape_to_front":false,"show_bottom_shape":0,"bottom_shape_name":"clouds-opacity","bottom_shape_color":"#e5e5e5","bottom_shape_width":{"md":100,"sm":100,"xs":100},"bottom_shape_height":"","bottom_shape_flip":false,"bottom_shape_invert":false,"bottom_shape_to_front":false,"hidden_xs":"","hidden_sm":"","hidden_md":"","animationduration":"300","animationdelay":"0","instFormId":1574712974427},"layout":"12","visibility":true,"columns":[{"id":1574712974428,"class_name":"col-md-12","visibility":true,"settings":{"background_type":"none","background_gradient":{"color":"#00c6fb","color2":"#005bea","deg":"45","type":"linear"},"background_image":"","background_repeat":"no-repeat","background_size":"cover","background_attachment":"scroll","background_position":"0 0","overlay_type":"overlay_color","gradient_overlay":{"color":"rgba(127, 0, 255, 0.8)","color2":"rgba(225, 0, 255, 0.7)","deg":"45","type":"linear"},"pattern_overlay":"","overlay_pattern_color":"","blend_mode":"normal","items_align_center":0,"use_border":0,"border_width":"","border_radius":0,"boxshadow":"0 0 0 0 #fff","sm_col":"","xs_col":"","tablet_order":"","mobile_order":"","hidden_xs":"","hidden_sm":"","hidden_md":"","animationduration":"300","animationdelay":"0"},"addons":[{"id":1574712974436,"name":"heading","visibility":true,"settings":{"admin_label":"","title":"SÁUDE DE A A Z","heading_selector":"h3","use_link":0,"title_link":"","link_new_tab":"","title_fontsize":"","title_lineheight":"","title_letterspace":"0","title_text_transform":"none","title_margin":{"md":"0px 0px 30px 0px","sm":"   ","xs":"   "},"title_padding":{"md":"0px 0px 0px 0px","sm":"   ","xs":"   "},"title_icon_position":"before","alignment":"sppb-text-center","title_text_shadow":"","class":"","global_background_type":"none","global_background_gradient":{"color":"#00c6fb","color2":"#005bea","deg":"45","type":"linear"},"global_background_repeat":"no-repeat","global_background_size":"cover","global_background_attachment":"inherit","global_background_position":"50% 50%","global_use_overlay":0,"global_overlay_type":"overlay_none","global_gradient_overlay":{"color":"rgba(127, 0, 255, 0.8)","color2":"rgba(225, 0, 255, 0.7)","deg":"45","type":"linear"},"global_pattern_overlay":"","global_overlay_pattern_color":"","blend_mode":"normal","global_user_border":0,"global_border_width":"","global_border_radius":0,"global_margin":{"md":"0px 0px 0px 0px","sm":"0px 0px 20px 0px","xs":"0px 0px 10px 0px"},"global_padding":{"md":"   ","sm":"   ","xs":"   "},"global_boxshadow":"0 0 0 0 #ffffff","global_use_animation":0,"global_animationduration":"300","global_animationdelay":"0","global_custom_css":"","use_global_width":"0","hidden_md":"0","hidden_sm":"0","hidden_xs":"0","acl":"","instFormId":1574712974436}}]}]},{"id":1574713737437,"name":"icons_group","visibility":true,"settings":{"admin_label":"","size":{"md":34},"margin":{"md":5},"item_display":"block","icon_alignment":"sppb-text-left","sp_icons_group_item":[{"title":"Cartão SUS","icon_name":"fa-cogs","icon_link":"#","width":{"md":"330"},"height":{"md":"50"},"border_style":"none","padding":{"md":"0px 0px 0px 0px","sm":"   ","xs":"   "},"show_label":1,"label_position":"right","label_size":{"md":"15"},"label_lineheight":{"md":"24","sm":"","xs":""},"label_letterspace":"0px","label_margin":{"md":"   ","sm":"   ","xs":"   "},"use_hover":0,"icon_class":"","label_text":"Cartão SUS"},{"title":"Vacinação","icon_name":"fa-cogs","icon_link":"#","width":{"md":"330"},"height":{"md":"50"},"border_style":"none","padding":{"md":"0px 0px 0px 0px","sm":"   ","xs":"   "},"show_label":1,"label_position":"right","label_size":{"md":"15"},"label_lineheight":{"md":"24","sm":"","xs":""},"label_letterspace":"0px","label_margin":{"md":"   ","sm":"   ","xs":"   "},"use_hover":0,"icon_class":"","label_text":"Vacinação"},{"title":"DATASUS","icon_name":"fa-cogs","icon_link":"#","width":{"md":"330"},"height":{"md":"50"},"border_style":"none","padding":{"md":"0px 0px 0px 0px","sm":"   ","xs":"   "},"show_label":1,"label_position":"right","label_size":{"md":"15"},"label_lineheight":{"md":"24","sm":"","xs":""},"label_letterspace":"0px","label_margin":{"md":"   ","sm":"   ","xs":"   "},"use_hover":0,"icon_class":"","label_text":"DATASUS"},{"icon_name":"fa-cogs","icon_link":"#","width":{"md":"330"},"height":{"md":"50"},"border_style":"none","padding":{"md":"0px 0px 0px 0px","sm":"   ","xs":"   "},"show_label":1,"label_position":"right","label_size":{"md":"15"},"label_lineheight":{"md":"24","sm":"","xs":""},"label_letterspace":"0px","label_margin":{"md":"   ","sm":"   ","xs":"   "},"use_hover":0,"icon_class":"","label_text":"Boletim Epidemiológico","title":"Boletim Epidemiológico"}],"class":"","global_background_type":"none","global_background_gradient":{"color":"#00c6fb","color2":"#005bea","deg":"45","type":"linear"},"global_background_repeat":"no-repeat","global_background_size":"cover","global_background_attachment":"inherit","global_background_position":"50% 50%","global_use_overlay":0,"global_overlay_type":"overlay_none","global_gradient_overlay":{"color":"rgba(127, 0, 255, 0.8)","color2":"rgba(225, 0, 255, 0.7)","deg":"45","type":"linear"},"global_pattern_overlay":"","global_overlay_pattern_color":"","blend_mode":"normal","global_user_border":0,"global_border_width":"","global_border_radius":0,"global_margin":{"md":"0px 0px 30px 0px","sm":"0px 0px 20px 0px","xs":"0px 0px 10px 0px"},"global_padding":{"md":"   ","sm":"   ","xs":"   "},"global_boxshadow":"0 0 0 0 #ffffff","global_use_animation":0,"global_animationduration":"300","global_animationdelay":"0","global_custom_css":"","use_global_width":"0","hidden_md":"0","hidden_sm":"0","hidden_xs":"0","acl":"","instFormId":1574713737437}}]},{"id":1574712973640,"class_name":"col-md-3","visibility":true,"settings":{"background_type":"none","background_gradient":{"color":"#00c6fb","color2":"#005bea","deg":"45","type":"linear"},"background_image":"","background_repeat":"no-repeat","background_size":"cover","background_attachment":"scroll","background_position":"0 0","overlay_type":"overlay_color","gradient_overlay":{"color":"rgba(127, 0, 255, 0.8)","color2":"rgba(225, 0, 255, 0.7)","deg":"45","type":"linear"},"pattern_overlay":"","overlay_pattern_color":"","blend_mode":"normal","items_align_center":0,"use_border":0,"border_width":"","border_radius":0,"boxshadow":"0 0 0 0 #fff","sm_col":"","xs_col":"","tablet_order":"","mobile_order":"","hidden_xs":"","hidden_sm":"","hidden_md":"","animationduration":"300","animationdelay":"0"},"addons":[{"id":1574712974429,"type":"inner_row","settings":{"admin_label":"","title":"","heading_selector":"h3","title_fontsize":"","title_fontweight":"","title_position":"sppb-text-center","columns_align_center":0,"fullscreen":0,"no_gutter":0,"padding":{"md":"0px 0px 0px 0px","sm":"   ","xs":"   "},"margin":{"md":"0px 0px 0px 0px","sm":"   ","xs":"   "},"background_type":"none","background_gradient":{"color":"#00c6fb","color2":"#005bea","deg":"45","type":"linear"},"background_image":"","background_parallax":"0","background_repeat":"no-repeat","background_size":"cover","background_attachment":"fixed","background_position":"0 0","external_background_video":"0","video_loop":1,"overlay_type":"overlay_none","gradient_overlay":{"color":"rgba(127, 0, 255, 0.8)","color2":"rgba(225, 0, 255, 0.7)","deg":"45","type":"linear"},"pattern_overlay":"","overlay_pattern_color":"","blend_mode":"normal","show_top_shape":0,"shape_name":"clouds-flat","shape_color":"#e5e5e5","shape_width":{"md":100,"sm":100,"xs":100},"shape_height":"","shape_flip":false,"shape_invert":false,"shape_to_front":false,"show_bottom_shape":0,"bottom_shape_name":"clouds-opacity","bottom_shape_color":"#e5e5e5","bottom_shape_width":{"md":100,"sm":100,"xs":100},"bottom_shape_height":"","bottom_shape_flip":false,"bottom_shape_invert":false,"bottom_shape_to_front":false,"hidden_xs":"","hidden_sm":"","hidden_md":"","animationduration":"300","animationdelay":"0","instFormId":1574712974429},"layout":"12","visibility":true,"columns":[{"id":1574712974430,"class_name":"col-md-12","visibility":true,"settings":{"background_type":"none","background_gradient":{"color":"#00c6fb","color2":"#005bea","deg":"45","type":"linear"},"background_image":"","background_repeat":"no-repeat","background_size":"cover","background_attachment":"scroll","background_position":"0 0","overlay_type":"overlay_color","gradient_overlay":{"color":"rgba(127, 0, 255, 0.8)","color2":"rgba(225, 0, 255, 0.7)","deg":"45","type":"linear"},"pattern_overlay":"","overlay_pattern_color":"","blend_mode":"normal","items_align_center":0,"use_border":0,"border_width":"","border_radius":0,"boxshadow":"0 0 0 0 #fff","sm_col":"","xs_col":"","tablet_order":"","mobile_order":"","hidden_xs":"","hidden_sm":"","hidden_md":"","animationduration":"300","animationdelay":"0"},"addons":[{"id":1574712974440,"name":"heading","visibility":true,"settings":{"admin_label":"","title":"SÁUDE DE A A Z","heading_selector":"h3","use_link":0,"title_link":"","link_new_tab":"","title_fontsize":"","title_lineheight":"","title_letterspace":"0","title_text_transform":"none","title_margin":{"md":"0px 0px 30px 0px","sm":"   ","xs":"   "},"title_padding":{"md":"0px 0px 0px 0px","sm":"   ","xs":"   "},"title_icon_position":"before","alignment":"sppb-text-center","title_text_shadow":"","class":"","global_background_type":"none","global_background_gradient":{"color":"#00c6fb","color2":"#005bea","deg":"45","type":"linear"},"global_background_repeat":"no-repeat","global_background_size":"cover","global_background_attachment":"inherit","global_background_position":"50% 50%","global_use_overlay":0,"global_overlay_type":"overlay_none","global_gradient_overlay":{"color":"rgba(127, 0, 255, 0.8)","color2":"rgba(225, 0, 255, 0.7)","deg":"45","type":"linear"},"global_pattern_overlay":"","global_overlay_pattern_color":"","blend_mode":"normal","global_user_border":0,"global_border_width":"","global_border_radius":0,"global_margin":{"md":"0px 0px 0px 0px","sm":"0px 0px 20px 0px","xs":"0px 0px 10px 0px"},"global_padding":{"md":"   ","sm":"   ","xs":"   "},"global_boxshadow":"0 0 0 0 #ffffff","global_use_animation":0,"global_animationduration":"300","global_animationdelay":"0","global_custom_css":"","use_global_width":"0","hidden_md":"0","hidden_sm":"0","hidden_xs":"0","acl":"","instFormId":1574712974436}}]}]},{"id":1574712973644,"name":"icons_group","visibility":true,"settings":{"admin_label":"","size":{"md":34},"margin":{"md":5},"item_display":"block","icon_alignment":"sppb-text-left","sp_icons_group_item":[{"title":"Cartão SUS","icon_name":"fa-cogs","icon_link":"#","width":{"md":"330"},"height":{"md":"50"},"border_style":"none","padding":{"md":"0px 0px 0px 0px","sm":"   ","xs":"   "},"show_label":1,"label_position":"right","label_size":{"md":"15"},"label_lineheight":{"md":"24","sm":"","xs":""},"label_letterspace":"0px","label_margin":{"md":"   ","sm":"   ","xs":"   "},"use_hover":0,"icon_class":"","label_text":"Cartão SUS"},{"title":"Vacinação","icon_name":"fa-cogs","icon_link":"#","width":{"md":"330"},"height":{"md":"50"},"border_style":"none","padding":{"md":"0px 0px 0px 0px","sm":"   ","xs":"   "},"show_label":1,"label_position":"right","label_size":{"md":"15"},"label_lineheight":{"md":"24","sm":"","xs":""},"label_letterspace":"0px","label_margin":{"md":"   ","sm":"   ","xs":"   "},"use_hover":0,"icon_class":"","label_text":"Vacinação"},{"title":"DATASUS","icon_name":"fa-cogs","icon_link":"#","width":{"md":"330"},"height":{"md":"50"},"border_style":"none","padding":{"md":"0px 0px 0px 0px","sm":"   ","xs":"   "},"show_label":1,"label_position":"right","label_size":{"md":"15"},"label_lineheight":{"md":"24","sm":"","xs":""},"label_letterspace":"0px","label_margin":{"md":"   ","sm":"   ","xs":"   "},"use_hover":0,"icon_class":"","label_text":"DATASUS"},{"icon_name":"fa-cogs","icon_link":"#","width":{"md":"330"},"height":{"md":"50"},"border_style":"none","padding":{"md":"0px 0px 0px 0px","sm":"   ","xs":"   "},"show_label":1,"label_position":"right","label_size":{"md":"15"},"label_lineheight":{"md":"24","sm":"","xs":""},"label_letterspace":"0px","label_margin":{"md":"   ","sm":"   ","xs":"   "},"use_hover":0,"icon_class":"","label_text":"Boletim Epidemiológico","title":"Boletim Epidemiológico"}],"class":"","global_background_type":"none","global_background_gradient":{"color":"#00c6fb","color2":"#005bea","deg":"45","type":"linear"},"global_background_repeat":"no-repeat","global_background_size":"cover","global_background_attachment":"inherit","global_background_position":"50% 50%","global_use_overlay":0,"global_overlay_type":"overlay_none","global_gradient_overlay":{"color":"rgba(127, 0, 255, 0.8)","color2":"rgba(225, 0, 255, 0.7)","deg":"45","type":"linear"},"global_pattern_overlay":"","global_overlay_pattern_color":"","blend_mode":"normal","global_user_border":0,"global_border_width":"","global_border_radius":0,"global_margin":{"md":"0px 0px 30px 0px","sm":"0px 0px 20px 0px","xs":"0px 0px 10px 0px"},"global_padding":{"md":"   ","sm":"   ","xs":"   "},"global_boxshadow":"0 0 0 0 #ffffff","global_use_animation":0,"global_animationduration":"300","global_animationdelay":"0","global_custom_css":"","use_global_width":"0","hidden_md":"0","hidden_sm":"0","hidden_xs":"0","acl":"","instFormId":1574712973644}}]}]},{"id":1574695003219,"visibility":true,"collapse":false,"settings":{"admin_label":"Fake News","title":"","heading_selector":"h3","title_fontsize":"","title_fontweight":"","title_position":"sppb-text-center","columns_align_center":0,"fullscreen":0,"no_gutter":0,"padding":{"md":"50px 0px 50px 0px","sm":"   ","xs":"   "},"margin":{"md":"0px 0px 0px 0px","sm":"   ","xs":"   "},"background_type":"color","background_gradient":{"color":"#00c6fb","color2":"#005bea","deg":"45","type":"linear"},"background_image":"","background_parallax":"0","background_repeat":"no-repeat","background_size":"cover","background_attachment":"fixed","background_position":"0 0","external_background_video":"0","video_loop":1,"overlay_type":"overlay_none","gradient_overlay":{"color":"rgba(127, 0, 255, 0.8)","color2":"rgba(225, 0, 255, 0.7)","deg":"45","type":"linear"},"pattern_overlay":"","overlay_pattern_color":"","blend_mode":"normal","show_top_shape":0,"shape_name":"clouds-flat","shape_color":"#e5e5e5","shape_width":{"md":100,"sm":100,"xs":100},"shape_height":"","shape_flip":false,"shape_invert":false,"shape_to_front":false,"show_bottom_shape":0,"bottom_shape_name":"clouds-opacity","bottom_shape_color":"#e5e5e5","bottom_shape_width":{"md":100,"sm":100,"xs":100},"bottom_shape_height":"","bottom_shape_flip":false,"bottom_shape_invert":false,"bottom_shape_to_front":false,"hidden_xs":"","hidden_sm":"","hidden_md":"","animationduration":"300","animationdelay":"0","instFormId":1574695003219,"background_color":"rgba(0, 0, 0, 0.85)"},"layout":"12","columns":[{"id":1574695003218,"class_name":"col-md-12","visibility":true,"settings":{"background_type":"none","background_gradient":{"color":"#00c6fb","color2":"#005bea","deg":"45","type":"linear"},"background_image":"","background_repeat":"no-repeat","background_size":"cover","background_attachment":"scroll","background_position":"0 0","overlay_type":"overlay_color","gradient_overlay":{"color":"rgba(127, 0, 255, 0.8)","color2":"rgba(225, 0, 255, 0.7)","deg":"45","type":"linear"},"pattern_overlay":"","overlay_pattern_color":"","blend_mode":"normal","items_align_center":0,"use_border":0,"border_width":"","border_radius":0,"boxshadow":"0 0 0 0 #fff","sm_col":"","xs_col":"","tablet_order":"","mobile_order":"","hidden_xs":"","hidden_sm":"","hidden_md":"","animationduration":"300","animationdelay":"0"},"addons":[{"id":1574714735310,"name":"carouselpro","visibility":true,"settings":{"admin_label":"","carousel_height":{"md":"274"},"autoplay":1,"interval":5,"speed":600,"controllers":1,"arrows":1,"arrow_position":"default","arrow_icon":"bottom-left","arrow_style":"normal_arrow","arrow_height":"","arrow_width":"","arrow_background":"","arrow_color":"#ffffff","arrow_font_size":"","arrow_border_width":"","arrow_border_color":"","arrow_border_radius":"","arrow_margin":"","arrow_hover_background":"","arrow_hover_color":"","arrow_hover_border_color":"","sp_carouselpro_item":[{"title":"Carousel Item Title","title_color":"#ffffff","title_fontsize":{"md":"29","sm":36,"xs":16},"title_lineheight":{"md":"24","sm":46,"xs":20},"title_letterspace":"0","title_margin":{"md":"0px 0px 0px 0px","sm":"0px 0px 0px 0px","xs":"0px 0px 0px 0px"},"content":"Anim pariatur cliche reprehenderit, enim eiusmod high life accusamus terry richardson ad squid","content_fontsize":{"md":16,"sm":14,"xs":12},"content_lineheight":{"md":24,"sm":22,"xs":16},"content_margin":{"md":"0px 0px 0px 0px","sm":"0px 0px 0px 0px","xs":"0px 0px 0px 0px"},"button_text":"","button_type":"default","fontsize":{"md":16},"button_letterspace":"0","button_appearance":"flat","button_status":"normal","button_background_color":"#444444","button_background_gradient":{"color":"#B4EC51","color2":"#429321","deg":"45","type":"linear"},"button_color":"#fff","button_padding":"","button_background_color_hover":"#222","button_background_gradient_hover":{"color":"#429321","color2":"#B4EC51","deg":"45","type":"linear"},"button_color_hover":"#fff","image":"images/2018/02/22/hero.jpg"},{"title":"Carousel Item Title","title_color":"#000","title_fontsize":{"md":"29","sm":36,"xs":16},"title_lineheight":{"md":"24","sm":46,"xs":20},"title_letterspace":"0","title_margin":{"md":"0px 0px 0px 0px","sm":"0px 0px 0px 0px","xs":"0px 0px 0px 0px"},"content":"Anim pariatur cliche reprehenderit, enim eiusmod high life accusamus terry richardson ad squid","content_fontsize":{"md":16,"sm":14,"xs":12},"content_lineheight":{"md":24,"sm":22,"xs":16},"content_margin":{"md":"0px 0px 0px 0px","sm":"0px 0px 0px 0px","xs":"0px 0px 0px 0px"},"button_text":"","button_type":"default","fontsize":{"md":16},"button_letterspace":"0","button_appearance":"flat","button_status":"normal","button_background_color":"#444444","button_background_gradient":{"color":"#B4EC51","color2":"#429321","deg":"45","type":"linear"},"button_color":"#fff","button_padding":"","button_background_color_hover":"#222","button_background_gradient_hover":{"color":"#429321","color2":"#B4EC51","deg":"45","type":"linear"},"button_color_hover":"#fff","image":"images/2018/02/22/img1.jpg"},{"title":"Carousel Item Title","title_color":"#000","title_fontsize":{"md":"29","sm":36,"xs":16},"title_lineheight":{"md":"24","sm":46,"xs":20},"title_letterspace":"0","title_margin":{"md":"0px 0px 0px 0px","sm":"0px 0px 0px 0px","xs":"0px 0px 0px 0px"},"content":"Anim pariatur cliche reprehenderit, enim eiusmod high life accusamus terry richardson ad squid","content_fontsize":{"md":16,"sm":14,"xs":12},"content_lineheight":{"md":24,"sm":22,"xs":16},"content_margin":{"md":"0px 0px 0px 0px","sm":"0px 0px 0px 0px","xs":"0px 0px 0px 0px"},"button_text":"","button_type":"default","fontsize":{"md":16},"button_letterspace":"0","button_appearance":"flat","button_status":"normal","button_background_color":"#444444","button_background_gradient":{"color":"#B4EC51","color2":"#429321","deg":"45","type":"linear"},"button_color":"#fff","button_padding":"","button_background_color_hover":"#222","button_background_gradient_hover":{"color":"#429321","color2":"#B4EC51","deg":"45","type":"linear"},"button_color_hover":"#fff","image":"images/2018/02/22/hero.jpg"}],"full_container":0,"item_padding":{"md":"   ","sm":"   ","xs":"   "},"class":"","global_background_type":"none","global_background_gradient":{"color":"#00c6fb","color2":"#005bea","deg":"45","type":"linear"},"global_background_repeat":"no-repeat","global_background_size":"cover","global_background_attachment":"inherit","global_background_position":"50% 50%","global_use_overlay":0,"global_overlay_type":"overlay_none","global_gradient_overlay":{"color":"rgba(127, 0, 255, 0.8)","color2":"rgba(225, 0, 255, 0.7)","deg":"45","type":"linear"},"global_pattern_overlay":"","global_overlay_pattern_color":"","blend_mode":"normal","global_user_border":0,"global_border_width":"","global_border_radius":0,"global_margin":{"md":"0px 0px 30px 0px","sm":"0px 0px 20px 0px","xs":"0px 0px 10px 0px"},"global_padding":"","global_boxshadow":"0 0 0 0 #ffffff","global_use_animation":0,"global_animationduration":"300","global_animationdelay":"0","global_custom_css":"","use_global_width":"0","hidden_md":"0","hidden_sm":"0","hidden_xs":"0","acl":"","instFormId":1574714735310,"content_column":"5"}}]}]},{"id":1574695003221,"visibility":true,"collapse":false,"settings":{"admin_label":"Campanhas","title":"Campanhas","heading_selector":"h3","title_fontsize":"","title_fontweight":"","title_position":"sppb-text-center","columns_align_center":0,"fullscreen":0,"no_gutter":0,"padding":"50px 0px 50px 0px","margin":"0px 0px 0px 0px","background_type":"none","background_gradient":{"color":"#00c6fb","color2":"#005bea","deg":"45","type":"linear"},"background_image":"","background_parallax":"0","background_repeat":"no-repeat","background_size":"cover","background_attachment":"fixed","background_position":"0 0","external_background_video":"0","video_loop":1,"overlay_type":"overlay_none","gradient_overlay":{"color":"rgba(127, 0, 255, 0.8)","color2":"rgba(225, 0, 255, 0.7)","deg":"45","type":"linear"},"pattern_overlay":"","overlay_pattern_color":"","blend_mode":"normal","show_top_shape":"","shape_name":"clouds-flat","shape_color":"#e5e5e5","shape_width":{"md":100,"sm":100,"xs":100},"shape_height":"","shape_flip":false,"shape_invert":false,"shape_to_front":false,"show_bottom_shape":"","bottom_shape_name":"clouds-opacity","bottom_shape_color":"#e5e5e5","bottom_shape_width":{"md":100,"sm":100,"xs":100},"bottom_shape_height":"","bottom_shape_flip":false,"bottom_shape_invert":false,"bottom_shape_to_front":false,"hidden_xs":"","hidden_sm":"","hidden_md":"","animationduration":"300","animationdelay":"0"},"layout":"12","columns":[{"id":1574695003220,"class_name":"col-md-12","visibility":true,"settings":{"background_type":"none","background_gradient":{"color":"#00c6fb","color2":"#005bea","deg":"45","type":"linear"},"background_image":"","background_repeat":"no-repeat","background_size":"cover","background_attachment":"scroll","background_position":"0 0","overlay_type":"overlay_color","gradient_overlay":{"color":"rgba(127, 0, 255, 0.8)","color2":"rgba(225, 0, 255, 0.7)","deg":"45","type":"linear"},"pattern_overlay":"","overlay_pattern_color":"","blend_mode":"normal","items_align_center":0,"use_border":0,"border_width":"","border_radius":0,"boxshadow":"0 0 0 0 #fff","sm_col":"","xs_col":"","tablet_order":"","mobile_order":"","hidden_xs":"","hidden_sm":"","hidden_md":"","animationduration":"300","animationdelay":"0"},"addons":[]}]},{"id":1574695003223,"visibility":true,"collapse":false,"settings":{"admin_label":"Redes Sociais","title":"Redes Sociais","heading_selector":"h3","title_fontsize":"","title_fontweight":"","title_position":"sppb-text-center","columns_align_center":0,"fullscreen":0,"no_gutter":0,"padding":"50px 0px 50px 0px","margin":"0px 0px 0px 0px","background_type":"none","background_gradient":{"color":"#00c6fb","color2":"#005bea","deg":"45","type":"linear"},"background_image":"","background_parallax":"0","background_repeat":"no-repeat","background_size":"cover","background_attachment":"fixed","background_position":"0 0","external_background_video":"0","video_loop":1,"overlay_type":"overlay_none","gradient_overlay":{"color":"rgba(127, 0, 255, 0.8)","color2":"rgba(225, 0, 255, 0.7)","deg":"45","type":"linear"},"pattern_overlay":"","overlay_pattern_color":"","blend_mode":"normal","show_top_shape":"","shape_name":"clouds-flat","shape_color":"#e5e5e5","shape_width":{"md":100,"sm":100,"xs":100},"shape_height":"","shape_flip":false,"shape_invert":false,"shape_to_front":false,"show_bottom_shape":"","bottom_shape_name":"clouds-opacity","bottom_shape_color":"#e5e5e5","bottom_shape_width":{"md":100,"sm":100,"xs":100},"bottom_shape_height":"","bottom_shape_flip":false,"bottom_shape_invert":false,"bottom_shape_to_front":false,"hidden_xs":"","hidden_sm":"","hidden_md":"","animationduration":"300","animationdelay":"0"},"layout":"12","columns":[{"id":1574695003222,"class_name":"col-md-12","visibility":true,"settings":{"background_type":"none","background_gradient":{"color":"#00c6fb","color2":"#005bea","deg":"45","type":"linear"},"background_image":"","background_repeat":"no-repeat","background_size":"cover","background_attachment":"scroll","background_position":"0 0","overlay_type":"overlay_color","gradient_overlay":{"color":"rgba(127, 0, 255, 0.8)","color2":"rgba(225, 0, 255, 0.7)","deg":"45","type":"linear"},"pattern_overlay":"","overlay_pattern_color":"","blend_mode":"normal","items_align_center":0,"use_border":0,"border_width":"","border_radius":0,"boxshadow":"0 0 0 0 #fff","sm_col":"","xs_col":"","tablet_order":"","mobile_order":"","hidden_xs":"","hidden_sm":"","hidden_md":"","animationduration":"300","animationdelay":"0"},"addons":[]}]}]